id,name,country,type,risk_label,degree_centrality,betweenness,closeness,eigenvector,clustering
0,Robert Johnson,Guam,civilian,0,0.082433759,0.256629541,0.3905711,0.43052325,0.007458405
1,Alison Le,China,civilian,0,0.074582924,0.221909622,0.391471379,0.405850898,0.011578947
2,James Campbell,Azerbaijan,civilian,0,0.015701668,0.024528819,0.328074694,0.096971958,0.033333333
3,Melissa Brown,Equatorial Guinea,civilian,0,0.01373896,0.022237104,0.317544406,0.089473926,0.032967033
4,Joseph Osborne,Lebanon,civilian,0,0.067713445,0.190670026,0.378388414,0.283287893,0.007246377
5,Jesse Moore,Ireland,civilian,0,0.02060844,0.034450776,0.333660773,0.11567819,0.028571429
6,Marie Porter,Cape Verde,civilian,0,0.046123651,0.126865572,0.360070671,0.169089794,0.008325624
7,Rachel Foster,Hong Kong,civilian,0,0.004906771,0.005654927,0.311430318,0.076085169,0.1
8,Kelsey Bryant,Bermuda,civilian,0,0.012757605,0.01534798,0.304088332,0.068572712,0.025641026
9,Reginald Ortiz,Faroe Islands,civilian,0,0.016683023,0.022470863,0.311811506,0.071134621,0.007352941
10,Ashley Ochoa,Afghanistan,civilian,0,0.021589794,0.033146224,0.308134261,0.06663226,0.012987013
11,Jessica Collins,American Samoa,civilian,0,0.017664377,0.026099845,0.30906885,0.072432594,0.019607843
12,Kathleen Terry,Cook Islands,civilian,0,0.00686948,0.007705747,0.294083694,0.040213576,0.047619048
13,Cynthia Lambert,El Salvador,civilian,0,0.00686948,0.009707241,0.316361378,0.074585905,0.142857143
14,Barbara Wright,Belgium,civilian,0,0.008832188,0.009640599,0.289653212,0.051580468,0.027777778
15,Matthew Hutchinson,Lithuania,civilian,0,0.031403337,0.061790054,0.327758122,0.105062945,0.008064516
16,Stephen Wilson,Benin,civilian,0,0.033366045,0.060369892,0.324832643,0.101751276,0.005347594
17,Laura Chapman,Germany,civilian,0,0.011776251,0.016173343,0.316459627,0.088538633,0.03030303
18,Austin Andersen,Guinea,civilian,0,0.010794897,0.015380166,0.316361378,0.073165711,0
19,Joseph Wright,Malta,civilian,0,0.008832188,0.012109061,0.316951788,0.070104024,0
20,Jason Singh,Tajikistan,civilian,0,0.00686948,0.006635473,0.292060762,0.047501237,0
21,Judith Franklin,Wallis and Futuna,civilian,0,0.00686948,0.005805952,0.300945068,0.058991514,0.047619048
22,Thomas Campbell,Timor-Leste,civilian,0,0.010794897,0.012366975,0.307483404,0.06210071,0.036363636
23,Susan Soto,Congo,civilian,0,0.002944063,0.002844306,0.30906885,0.063182235,0
24,Rebecca Evans,Estonia,civilian,0,0.007850834,0.007545186,0.280407265,0.02697958,0
25,Laura Brown,Czech Republic,civilian,0,0.014720314,0.019208602,0.303816339,0.060457195,0.00952381
26,Ruben Turner,Cocos (Keeling) Islands,civilian,0,0.019627085,0.024682866,0.284955257,0.032626655,0.010526316
27,Jennifer Hanson,French Southern Territories,civilian,0,0.025515211,0.037831885,0.310955142,0.069859591,0.006153846
28,Amanda Mccarthy,Kenya,civilian,0,0.005888126,0.006468035,0.311050061,0.078151865,0.066666667
29,Rebecca Moore,Nigeria,civilian,0,0.009813543,0.012616422,0.290396124,0.026436991,0.022222222
30,Patricia Martinez,Jersey,civilian,0,0.004906771,0.001307442,0.287609371,0.043275273,0.1
31,Allison Cervantes,Germany,civilian,0,0.022571148,0.027286901,0.295191194,0.03108999,0.007905138
32,Rebecca Sawyer,Greenland,civilian,0,0.011776251,0.016920772,0.300856215,0.052886737,0.015151515
33,Karen Hartman,Algeria,civilian,0,0.015701668,0.011463375,0.283685969,0.047530018,0
34,Ryan Duke,Isle of Man,civilian,0,0.004906771,0.001323907,0.264675325,0.020058557,0
35,Melissa Potter,Mauritania,civilian,0,0.015701668,0.013569881,0.272970801,0.020247868,0
36,Katherine Freeman,Malawi,civilian,0,0.001962709,0.000531445,0.308414044,0.062575667,0
37,Robert Anderson,South Georgia and the South Sandwich Islands,civilian,0,0.010794897,0.012018261,0.285354243,0.02919071,0
38,Holly Bell,Lesotho,civilian,0,0.00686948,0.006111701,0.285194514,0.048656316,0.047619048
39,Denise Sanchez,Oman,civilian,0,0.011776251,0.012631423,0.273483629,0.019327656,0
40,Amber Walter,Tunisia,civilian,0,0.005888126,0.006084504,0.28551415,0.033188096,0.066666667
41,Michael Mann,Lebanon,civilian,0,0.007850834,0.006522314,0.265226445,0.016578477,0
42,Jane Goodwin,British Indian Ocean Territory (Chagos Archipelago),civilian,0,0.00686948,0.004098749,0.256352201,0.017184519,0.047619048
43,Kelsey Barrera,Tonga,civilian,0,0.017664377,0.026378994,0.306374023,0.061946286,0.013071895
44,Stacey Martinez,Wallis and Futuna,civilian,0,0.007850834,0.010731331,0.296479488,0.04879336,0
45,Joe Carroll,Swaziland,civilian,0,0.008832188,0.015069038,0.320037688,0.083278108,0.027777778
46,Kimberly Clark,British Virgin Islands,civilian,0,0.003925417,0.002991403,0.262155904,0.017373632,0
47,Ruben Hernandez,Netherlands,civilian,0,0.005888126,0.005325992,0.300147275,0.05142324,0
48,Joel Martin,Ireland,civilian,0,0.009813543,0.006616906,0.254877439,0.013369231,0.044444444
49,Eric Gonzales,Samoa,civilian,0,0.034347399,0.058918938,0.324109415,0.090986677,0.006722689
50,Joshua Brown,Anguilla,civilian,0,0.015701668,0.027109031,0.318935837,0.07191833,0.008333333
51,Sarah Smith,Libyan Arab Jamahiriya,civilian,0,0.001962709,0.000189883,0.249754902,0.012255765,0
52,Dawn Smith,Marshall Islands,civilian,0,0.007850834,0.006628434,0.26481289,0.01821967,0
53,Diane West,Rwanda,civilian,0,0.004906771,0.004518177,0.282037088,0.028901927,0
54,Jessica Sanchez,Bermuda,civilian,0,0.008832188,0.007559419,0.274441153,0.018843445,0
55,Jeffrey Humphrey,Kuwait,civilian,0,0.007850834,0.008490479,0.27326361,0.019100828,0.035714286
56,Christy Ruiz,Gabon,civilian,0,0.008832188,0.006742112,0.266753927,0.012715868,0
57,Jennifer Tyler,Nigeria,civilian,0,0.00686948,0.009497962,0.300945068,0.051648361,0.047619048
58,Richard Townsend,Albania,civilian,0,0.003925417,0.001265056,0.250861645,0.010170399,0
59,Emily Brown,Jersey,civilian,0,0.004906771,0.001575643,0.25,0.01529612,0
60,Ryan Torres,Slovenia,civilian,0,0.007850834,0.013148238,0.308600848,0.056547764,0
61,Tiffany Kelly,Oman,civilian,0,0.011776251,0.013313777,0.294168591,0.058894612,0.03030303
62,Kimberly Patrick,Uruguay,civilian,0,0.01373896,0.013285765,0.297344616,0.049394738,0.032967033
63,Raymond Medina,Martinique,civilian,0,0.003925417,0.001503848,0.251418702,0.009602513,0
64,Jeffrey Perez,Saint Kitts and Nevis,civilian,0,0.00686948,0.006695562,0.289324248,0.032308486,0
65,Timothy Christensen,Taiwan,civilian,0,0.012757605,0.020387289,0.299617759,0.048872856,0
66,Michael Hill,Saint Lucia,civilian,0,0.009813543,0.007086672,0.266266005,0.018151114,0
67,Paul Coleman,Sierra Leone,civilian,0,0.004906771,0.004369374,0.297866121,0.051666906,0
68,Roberto Fletcher,Solomon Islands,civilian,0,0.007850834,0.020960033,0.305638872,0.050930867,0
69,Veronica Mcknight,Namibia,civilian,0,0.021589794,0.048218105,0.310860281,0.054316243,0
70,Tyler Miranda,Anguilla,civilian,0,0.004906771,0.002948567,0.246970431,0.00771446,0
71,David Wilson,Kyrgyz Republic,civilian,0,0.005888126,0.006204682,0.287853107,0.041813633,0
72,Diana Keith,Chad,civilian,0,0.010794897,0.008501791,0.268157895,0.016344162,0
73,Brian Montes,Palau,civilian,0,0.001962709,0.000753512,0.25373506,0.010802264,0
74,Brett Norman,Tunisia,civilian,0,0.00686948,0.006332083,0.283291632,0.03388647,0.047619048
75,Keith Johnson,Peru,civilian,0,0.011776251,0.009310348,0.294253537,0.064811062,0.075757576
76,Tony Adams,Turkmenistan,civilian,0,0.001962709,0.000296539,0.259419552,0.013420907,0
77,John Johnson,Niue,civilian,0,0.009813543,0.00994215,0.300501327,0.051613112,0
78,Wanda Fuller,Guernsey,civilian,0,0.008832188,0.011426851,0.314894932,0.081641417,0.027777778
79,Andrea Jackson,Barbados,civilian,0,0.009813543,0.006918825,0.266057441,0.016367177,0
80,Kayla Martin,Samoa,civilian,0,0.005888126,0.007192775,0.287528217,0.032295957,0
81,William Smith,Vietnam,civilian,0,0.002944063,0.000802314,0.245069745,0.007407194,0
82,Dr. Brian Klein,Rwanda,civilian,0,0.016683023,0.025481669,0.297344616,0.032575219,0
83,Stephanie Pearson,Mayotte,civilian,0,0.001962709,0,0.276751765,0.027808782,1
84,Kenneth Murphy,Korea,civilian,0,0.003925417,0.001114069,0.247390143,0.007312494,0
85,Terry Allen,Ecuador,civilian,0,0.01373896,0.010558247,0.264469245,0.020015474,0
86,Beverly Taylor,Liberia,civilian,0,0.007850834,0.009974812,0.312193627,0.071623108,0.035714286
87,Carlos Gilbert,Russian Federation,civilian,0,0.011776251,0.015176543,0.289817975,0.034870842,0.015151515
88,Terry Ward,Pakistan,civilian,0,0.004906771,0.004997807,0.290644609,0.045404274,0.1
89,Caitlyn Morris,Lithuania,civilian,0,0.002944063,0.001719537,0.246671508,0.006735825,0
90,Erica Bowman,Palau,civilian,0,0.003925417,0.001370613,0.244540437,0.00823604,0
91,Sarah Bowman MD,Honduras,civilian,0,0.004906771,0.005118411,0.293829296,0.043048365,0
92,Paige Price,Northern Mariana Islands,civilian,0,0.008832188,0.005398184,0.25994898,0.016612233,0
93,Katherine Soto,Gabon,civilian,0,0.00686948,0.005199379,0.280871003,0.031013409,0.047619048
94,Tonya Aguilar,Morocco,civilian,0,0.00686948,0.003597212,0.257193337,0.010371756,0
95,Joseph Smith,Oman,civilian,0,0.005888126,0.003837944,0.265572062,0.015961338,0
96,Karina Blanchard,Luxembourg,civilian,0,0.005888126,0.002792624,0.25235265,0.012104725,0.066666667
97,Alyssa Harper,New Zealand,civilian,0,0.002944063,0.002160487,0.287447109,0.040081429,0
98,Marie Ward,Lesotho,civilian,0,0.002944063,0.001784862,0.286396852,0.041909214,0
99,Jessica Haas,Niger,civilian,0,0.004906771,0.003769886,0.306097927,0.063329587,0.1
100,Jason Reyes,Honduras,civilian,0,0.007850834,0.005168916,0.259419552,0.011390406,0
101,Ashley Ryan,Mali,civilian,0,0.008832188,0.008650488,0.282115172,0.028784169,0
102,Shawna Velez,Svalbard & Jan Mayen Islands,civilian,0,0.00686948,0.004368131,0.287528217,0.037411226,0.047619048
103,Jermaine Bruce,Saint Vincent and the Grenadines,civilian,0,0.007850834,0.010539223,0.291559371,0.042441909,0
104,Brandon Miller,North Macedonia,civilian,0,0.004906771,0.001988492,0.251294698,0.013406495,0
105,Donna Lawrence,Estonia,civilian,0,0.002944063,0.0027245,0.281803097,0.020877597,0
106,Lisa Brooks,Trinidad and Tobago,civilian,0,0.001962709,0,0.287204059,0.041703962,1
107,Andrew Tran,India,civilian,0,0.005888126,0.003578058,0.288996029,0.045887685,0
108,Robert Phillips,Morocco,civilian,0,0.001962709,0.000372025,0.24805258,0.008400455,0
109,Michael Scott,Dominica,civilian,0,0.003925417,0.001849249,0.243024088,0.006550128,0
110,Hannah Ortega,New Caledonia,civilian,0,0.00686948,0.008767532,0.305455635,0.056507525,0
111,Julia Pace,Kenya,civilian,0,0.005888126,0.002933901,0.248718575,0.010487788,0
112,Ashley Long,Greece,civilian,0,0.009813543,0.010398502,0.289488636,0.049596302,0.044444444
113,Susan Ford,Gibraltar,civilian,0,0.00686948,0.003253684,0.268087345,0.020756826,0
114,Brad Nelson,Myanmar,civilian,0,0.007850834,0.008280762,0.280484448,0.031463353,0.035714286
115,Nathan Olson,Anguilla,civilian,0,0.004906771,0.005194061,0.281413974,0.023771226,0
116,Richard Bell,Solomon Islands,civilian,0,0.003925417,0.003707627,0.290976585,0.045444751,0.166666667
117,Annette Cannon,Iraq,civilian,0,0.002944063,0.000962878,0.282271468,0.03157841,0
118,Angela Huffman,Luxembourg,civilian,0,0.003925417,0.004559682,0.297692083,0.048183184,0
119,Kenneth Duncan,United States Minor Outlying Islands,civilian,0,0.00686948,0.003995356,0.252602876,0.010468602,0.047619048
120,Daniel Zimmerman,Israel,civilian,0,0.005888126,0.004218207,0.248112978,0.010237565,0
121,Christopher Kirk,Saint Kitts and Nevis,civilian,0,0.003925417,0.000975181,0.25443196,0.012909562,0.333333333
122,Diana Jones,Jordan,civilian,0,0.001962709,0.000928749,0.283844011,0.039492598,0
123,Joshua Douglas,Libyan Arab Jamahiriya,civilian,0,0.001962709,0.000116923,0.232436131,0.005162789,0
124,Margaret Rodriguez,Dominican Republic,civilian,0,0.003925417,0.001567084,0.25,0.010354534,0
125,Barry Jones,Luxembourg,civilian,0,0.002944063,0.001336446,0.292144495,0.044026437,0.333333333
126,Raymond Bailey,Isle of Man,civilian,0,0.008832188,0.007867054,0.263716356,0.012669222,0.027777778
127,Raven Brown,Haiti,civilian,0,0.004906771,0.001870541,0.258892276,0.015221478,0.1
128,Jeffrey Thornton,Lithuania,civilian,0,0.004906771,0.002127886,0.251729249,0.010744288,0.1
129,Jessica Smith,Lithuania,civilian,0,0.003925417,0.001446319,0.245838359,0.008150912,0
130,Curtis Lopez,Ireland,civilian,0,0.004906771,0.005836153,0.291392622,0.041982203,0
131,Jacob Chen,Sierra Leone,civilian,0,0.004906771,0.003141416,0.25790939,0.011404306,0
132,Sara Roth,Wallis and Futuna,civilian,0,0.005888126,0.003334538,0.254178099,0.010706758,0
133,Anthony Hunt,Iraq,civilian,0,0.001962709,0,0.297257876,0.05040396,1
134,Jason Mitchell,Andorra,civilian,0,0.002944063,0.000902165,0.240557129,0.007037632,0
135,David Abbott,Saint Barthelemy,civilian,0,0.003925417,0.002346221,0.258892276,0.016237961,0
136,Michael Jones,Bahrain,civilian,0,0.003925417,0.000803869,0.255260521,0.012218265,0
137,Jennifer Atkinson,Kuwait,civilian,0,0.007850834,0.007960615,0.288423436,0.04772203,0.071428571
138,Cameron Calhoun,Lao People's Democratic Republic,civilian,0,0.001962709,0.000605949,0.253861485,0.009091578,0
139,Laura Miller,Saint Martin,civilian,0,0.00686948,0.007794831,0.287771816,0.042140301,0
140,Paula Rivera,Turks and Caicos Islands,civilian,0,0.016683023,0.021108049,0.318636648,0.099343002,0.029411765
141,Robert Williams,Antigua and Barbuda,civilian,0,0.007850834,0.007530859,0.291475973,0.046136468,0
142,Maria Owen,Paraguay,civilian,0,0.007850834,0.007971049,0.265226445,0.016573495,0
143,Cynthia Martin,Northern Mariana Islands,civilian,0,0.007850834,0.00724921,0.300412736,0.056128411,0.071428571
144,Patrick Young,Suriname,civilian,0,0.004906771,0.001406103,0.227607773,0.003212346,0.1
145,Albert Rubio,Montenegro,civilian,0,0.005888126,0.002474336,0.25551655,0.013692117,0
146,Steven Franco,Qatar,civilian,0,0.00686948,0.006531659,0.265019506,0.014719835,0
147,Dwayne Valentine,Kenya,civilian,0,0.005888126,0.00312409,0.251853683,0.018149487,0
148,Edward Bray,North Macedonia,civilian,0,0.009813543,0.011680572,0.287771816,0.027760205,0
149,Lee Gonzalez,Vietnam,civilian,0,0.00686948,0.006435857,0.251170816,0.012174366,0
150,Kelly Murphy,Bouvet Island (Bouvetoya),civilian,0,0.00686948,0.003413509,0.252728175,0.009859695,0
151,Candace Sanchez,Japan,civilian,0,0.004906771,0.003690341,0.267103539,0.015138078,0
152,Nicholas Howell,British Indian Ocean Territory (Chagos Archipelago),civilian,0,0.004906771,0.003019315,0.256804435,0.011056372,0
153,Patrick White,Hungary,civilian,0,0.004906771,0.002551669,0.270507035,0.016869151,0
154,William Lyons,Panama,civilian,0,0.003925417,0.003296655,0.294593813,0.04201829,0.166666667
155,Tim Wade,Qatar,civilian,0,0.003925417,0.000871603,0.244423123,0.007168365,0
156,Robert Brown,Saint Vincent and the Grenadines,civilian,0,0.005888126,0.005030659,0.285354243,0.041627,0.066666667
157,Holly Cummings,Myanmar,civilian,0,0.00686948,0.006712832,0.288996029,0.033945968,0
158,Michelle Huerta,Portugal,civilian,0,0.009813543,0.006422559,0.256416709,0.011424401,0
159,Jacob Moore,Bouvet Island (Bouvetoya),civilian,0,0.003925417,0.001603661,0.220753899,0.003147345,0
160,Alexander Foster,Grenada,civilian,0,0.007850834,0.003506647,0.263307494,0.01332249,0
161,Lisa Lawson,Guam,civilian,0,0.003925417,0.001866174,0.275033738,0.024944634,0
162,Victor Archer,Uzbekistan,civilian,0,0.003925417,0.002591561,0.249449204,0.006736021,0
163,Chris Gonzales,Mayotte,civilian,0,0.003925417,0.001103698,0.229504505,0.003772077,0
164,Nicholas Johnson,Kiribati,civilian,0,0.002944063,0.000768093,0.252853598,0.013589142,0
165,Tammy Payne,Namibia,civilian,0,0.003925417,0.002146725,0.254051359,0.008044313,0
166,William Mcclure,Germany,civilian,0,0.004906771,0.002257267,0.25804001,0.014127099,0
167,Patrick Becker,Papua New Guinea,civilian,0,0.002944063,0.001751948,0.261148129,0.015479147,0
168,Julie Thomas,British Virgin Islands,civilian,0,0.001962709,0.00025543,0.251418702,0.010288533,0
169,Erin Kline,Falkland Islands (Malvinas),civilian,0,0.002944063,0.000288551,0.243721598,0.006467412,0
170,Ryan Patrick,Morocco,civilian,0,0.003925417,0.002357869,0.249693703,0.006654013,0
171,Jeffrey Bailey,Iraq,civilian,0,0.003925417,0.001711826,0.23587963,0.005791776,0
172,Cheryl Hammond,Chile,civilian,0,0.005888126,0.002836524,0.253482587,0.011668877,0
173,John Vance,Cameroon,civilian,0,0.007850834,0.00490297,0.243024088,0.005691994,0
174,Manuel Hunt,Faroe Islands,civilian,0,0.005888126,0.003758727,0.287366046,0.033095547,0
175,Brian Nelson,Brazil,civilian,0,0.002944063,0.003220734,0.290230704,0.045218662,0
176,Jason Thornton,French Polynesia,civilian,0,0.007850834,0.003444458,0.24348865,0.006865174,0
177,Michelle Buck,French Guiana,civilian,0,0.00686948,0.004733614,0.285034965,0.04539011,0.047619048
178,Lawrence Brown,Haiti,civilian,0,0.003925417,0.000371726,0.249266145,0.009222446,0
179,Jennifer Richards,Samoa,civilian,0,0.003925417,0.000719238,0.244775402,0.011291136,0
180,Elizabeth Anderson,Nepal,civilian,0,0.002944063,0.00171362,0.282037088,0.032107504,0
181,Amanda Ferguson,Liechtenstein,civilian,0,0.005888126,0.004339237,0.260547175,0.008863776,0
182,Renee Stewart,Luxembourg,civilian,0,0.002944063,0.001208809,0.266684114,0.019978441,0.333333333
183,Austin Molina,United Arab Emirates,civilian,0,0.002944063,0.000453114,0.238529963,0.005686404,0
184,Alexander Smith,Thailand,civilian,0,0.001962709,0.00014566,0.230022573,0.00524045,0
185,Lynn White,North Macedonia,civilian,0,0.001962709,0.000149836,0.224647266,0.002265253,0
186,Mrs. Kelsey Gates,Swaziland,civilian,0,0.004906771,0.001562759,0.257583418,0.014500116,0
187,Benjamin Cabrera,India,civilian,0,0.003925417,0.001391171,0.262223366,0.013069897,0
188,Heather Dixon,Saint Helena,civilian,0,0.00686948,0.002946152,0.260680481,0.016508875,0.047619048
189,Carol Boone,Ethiopia,civilian,0,0.001962709,0.000475714,0.285994948,0.040742344,0
190,Stephanie Hansen,Iceland,civilian,0,0.00686948,0.004229759,0.25810537,0.019227852,0
191,Edward Rodriguez,Tonga,civilian,0,0.003925417,0.000962263,0.267805519,0.021040788,0.166666667
192,Nicholas Huff,Honduras,civilian,0,0.001962709,0,0.28400223,0.033339258,1
193,Amanda Lewis,Argentina,civilian,0,0.002944063,0.001008845,0.251978239,0.009833856,0
194,Jimmy Rivera,Kiribati,civilian,0,0.005888126,0.006044404,0.283528102,0.029515309,0
195,Kevin Perkins,Saint Barthelemy,civilian,0,0.001962709,0.000248115,0.282349681,0.03742428,0
196,Christine Taylor,Bangladesh,civilian,0,0.00686948,0.006242273,0.294253537,0.049892399,0.095238095
197,Mark Richardson,Hungary,civilian,0,0.001962709,0.000118091,0.223710209,0.002660882,0
198,Mark Garcia,Taiwan,civilian,0,0.003925417,0.00157335,0.251667078,0.013686263,0
199,Tiffany Wiggins,Bahamas,civilian,0,0.002944063,0.000683064,0.283685969,0.04022165,0
200,John Stout,Tokelau,civilian,0,0.003925417,0.002812284,0.276451438,0.026444296,0
201,Jessica Sherman,Heard Island and McDonald Islands,civilian,0,0.009813543,0.011488116,0.291642816,0.05041203,0
202,Brian Chavez,Micronesia,civilian,0,0.001962709,0,0.246970431,0.009982088,1
203,Michelle Pitts,Palau,civilian,0,0.005888126,0.003176018,0.273924731,0.019372891,0
204,Luis Kidd,Lesotho,civilian,0,0.001962709,0.000321643,0.283449235,0.037338036,0
205,Ryan Smith,Malawi,civilian,0,0.008832188,0.005843931,0.245719797,0.010174516,0
206,Jimmy Johnston,Somalia,civilian,0,0.007850834,0.005680277,0.249327135,0.007794985,0
207,Jerome Phillips,Egypt,civilian,0,0.002944063,0.001068261,0.277052746,0.028286319,0.333333333
208,Lisa Martin,Ethiopia,civilian,0,0.001962709,0.000311257,0.22273224,0.00227648,0
209,Jennifer Miller,Saint Lucia,civilian,0,0.009813543,0.007230985,0.255773092,0.01106517,0
210,Heidi Cox,Hong Kong,civilian,0,0.005888126,0.003985208,0.287609371,0.041774291,0
211,Christopher Fischer,Korea,civilian,0,0.001962709,0.000103166,0.236591595,0.00894401,0
212,Donna Graves,Norway,civilian,0,0.001962709,0.00084042,0.28559417,0.036747447,0
213,John Smith,Comoros,civilian,0,0.001962709,8.82E-05,0.216486085,0.002315597,0
214,Taylor Choi,Singapore,civilian,0,0.002944063,0.000506943,0.252290171,0.010402965,0
215,Mason Morales,Montenegro,civilian,0,0.001962709,0.000356978,0.213940794,0.001653309,0
216,Valerie Simmons,Monaco,civilian,0,0.004906771,0.002163534,0.264263485,0.015133174,0
217,Brad Smith,Lesotho,civilian,0,0.003925417,0.000837956,0.249449204,0.016472408,0
218,Jessica Rodriguez,Norfolk Island,civilian,0,0.001962709,0.000940132,0.277354382,0.026523109,0
219,Brenda Williams,Armenia,civilian,0,0.008832188,0.009351743,0.268299105,0.016533143,0
220,Carmen Armstrong,Svalbard & Jan Mayen Islands,civilian,0,0.001962709,6.65E-05,0.224647266,0.005690596,0
221,Janice Yang,Sri Lanka,civilian,0,0.004906771,0.003340051,0.25,0.008058938,0
222,Adrian Norris,Kiribati,civilian,0,0.004906771,0.002665542,0.244247363,0.006508801,0
223,Lauren Conner,Cameroon,civilian,0,0.002944063,0.000385072,0.229815065,0.003782509,0
224,Albert Jimenez,Tokelau,civilian,0,0.002944063,0.00024561,0.243954992,0.005461944,0
225,Alexandra Mcknight,Aruba,civilian,0,0.001962709,0.000108085,0.252853598,0.011901932,0
226,Evan Lopez,South Africa,civilian,0,0.003925417,0.001303647,0.227760393,0.003200766,0
227,Tracy Turner,Yemen,civilian,0,0.004906771,0.003784838,0.279484366,0.026973735,0
228,Sherri Bowers,Falkland Islands (Malvinas),civilian,0,0.007850834,0.004851435,0.247811284,0.007619763,0
229,Timothy Lopez,Cote d'Ivoire,civilian,0,0.001962709,0.000155215,0.25024558,0.009204657,0
230,Stephanie Guerra,Gibraltar,civilian,0,0.001962709,0.000227523,0.220419641,0.002060013,0
231,Christian Lam,Iraq,civilian,0,0.003925417,0.003937268,0.278643697,0.021983164,0
232,Brooke Burns,Japan,civilian,0,0.005888126,0.006306687,0.289406419,0.041994977,0
233,John Ramirez,Libyan Arab Jamahiriya,civilian,0,0.004906771,0.003328359,0.246254229,0.006843656,0
234,Jill Alvarez,Saint Pierre and Miquelon,civilian,0,0.005888126,0.006381063,0.28973557,0.0461095,0.066666667
235,Hannah Burgess,Vietnam,civilian,0,0.004906771,0.001711653,0.256223284,0.012843352,0
236,Jason Lewis,Anguilla,civilian,0,0.001962709,1.70E-05,0.24805258,0.009672243,0
237,Charles Pierce,New Zealand,civilian,0,0.004906771,0.002708138,0.261483192,0.014164794,0
238,Joseph Brown,Timor-Leste,civilian,0,0.002944063,0.001025545,0.255388471,0.013918283,0
239,Lisa Mayo,United States Minor Outlying Islands,civilian,0,0.011776251,0.009671859,0.258563816,0.012974802,0.015151515
240,Kristen Sanchez,Gambia,civilian,0,0.005888126,0.005260499,0.284716401,0.041289761,0
241,Lucas Washington,Kuwait,civilian,0,0.005888126,0.004260961,0.288996029,0.047080703,0.066666667
242,Mrs. Kelly Weaver,Tuvalu,civilian,0,0.004906771,0.002183235,0.251294698,0.007024171,0
243,Stacy Davis,Grenada,civilian,0,0.004906771,0.00291943,0.24661181,0.00995544,0
244,Stephanie Peterson,Belarus,civilian,0,0.002944063,0.001366832,0.241583689,0.005767066,0
245,Shannon Smith,Tanzania,civilian,0,0.004906771,0.004099591,0.253419547,0.00907246,0
246,Ashley Nixon,South Africa,civilian,0,0.004906771,0.002057971,0.261684643,0.017464442,0
247,Melissa Yates,Dominican Republic,civilian,0,0.001962709,0.000155415,0.223513928,0.002882343,0
248,Dustin Kelly,Lebanon,civilian,0,0.002944063,0.002325469,0.271010638,0.016719757,0
249,Ryan Thomas,Philippines,civilian,0,0.005888126,0.005460541,0.280484448,0.028480401,0
250,Tammy Kennedy,Afghanistan,civilian,0,0.003925417,0.001241865,0.239877589,0.004585226,0
251,Susan Green,Maldives,civilian,0,0.00686948,0.008720929,0.290396124,0.039583774,0.047619048
252,Tanya Goodman,Samoa,civilian,0,0.005888126,0.00357882,0.250491642,0.008991719,0
253,Rodney Garcia,Anguilla,civilian,0,0.002944063,0.000347904,0.304269931,0.063144229,0.666666667
254,Robin Norton,Panama,civilian,0,0.002944063,0.000625329,0.237806301,0.005690588,0
255,Andrea Andrews,Belgium,civilian,0,0.002944063,0.001280219,0.286075239,0.0436715,0.333333333
256,Mary Walker,San Marino,civilian,0,0.001962709,0.00012586,0.224449339,0.002894786,0
257,Johnny Hernandez,India,civilian,0,0.001962709,4.52E-05,0.240613932,0.007673317,0
258,Cassandra Noble,Uruguay,civilian,0,0.003925417,0.001114455,0.251047056,0.013445869,0
259,Alec Williams,Costa Rica,civilian,0,0.001962709,0.000193376,0.226847729,0.003129887,0
260,Eric Crane,Greenland,civilian,0,0.001962709,0.000393568,0.231275533,0.003450896,0
261,Pamela Knight,Myanmar,civilian,0,0.002944063,0.000521146,0.239258042,0.005345381,0
262,Heather Torres,Seychelles,civilian,0,0.001962709,0.000239933,0.237639925,0.004933489,0
263,William Avila,Sierra Leone,civilian,0,0.005888126,0.002647959,0.246254229,0.007144866,0
264,Kathleen Curry,Gambia,civilian,0,0.001962709,0.000249449,0.244364508,0.006747908,0
265,Jesse Robinson,Senegal,civilian,0,0.002944063,0.003087929,0.286396852,0.037343143,0
266,Dr. Frank Perkins,Grenada,civilian,0,0.002944063,0.000397224,0.258498224,0.015947293,0
267,Cody Harris,Mauritania,civilian,0,0.001962709,0,0.308694335,0.073317659,1
268,Jill Wheeler,French Guiana,civilian,0,0.002944063,0.003347332,0.284955257,0.039452213,0
269,Christopher Calhoun,Saint Barthelemy,civilian,0,0.003925417,0.001169992,0.243082061,0.006096875,0
270,Andrew Jenkins,Maldives,civilian,0,0.003925417,0.000913978,0.241640977,0.005969787,0
271,William Melton,Moldova,civilian,0,0.001962709,0.00060484,0.282037088,0.038976534,0
272,David Nelson,Zambia,civilian,0,0.002944063,0.000356064,0.246671508,0.007649808,0
273,Joseph Hall,Malta,civilian,0,0.007850834,0.002843747,0.237031868,0.004904693,0
274,Caleb Campbell,Spain,civilian,0,0.002944063,0.00022792,0.230282486,0.005264966,0
275,Robin Rangel,Moldova,civilian,0,0.003925417,0.001435803,0.287771816,0.047523779,0.166666667
276,Taylor Choi,Afghanistan,civilian,0,0.001962709,0.000155278,0.230386615,0.003772795,0
277,Scott Tran,Angola,civilian,0,0.007850834,0.005771243,0.264058046,0.014838772,0
278,Olivia Bernard,Spain,civilian,0,0.002944063,0.000361877,0.242445872,0.010450888,0
279,Mrs. Jessica Smith,China,civilian,0,0.003925417,0.001764593,0.255452494,0.009124937,0
280,Beverly Henry,Austria,civilian,0,0.003925417,0.001246493,0.237639925,0.010573446,0
281,Erin Short,Saint Vincent and the Grenadines,civilian,0,0.007850834,0.007065649,0.26481289,0.013336526,0
282,Kaylee Brooks,Korea,civilian,0,0.002944063,0.000778107,0.23302081,0.005016444,0
283,Roger Higgins,Slovenia,civilian,0,0.003925417,0.00220913,0.250985222,0.008344956,0
284,Lawrence Ferguson,Falkland Islands (Malvinas),civilian,0,0.005888126,0.005879209,0.283685969,0.043650599,0
285,Robert Bright,Saint Kitts and Nevis,civilian,0,0.002944063,0.000511797,0.220610522,0.002177547,0
286,Thomas Fisher,Iraq,civilian,0,0.005888126,0.00458048,0.285034965,0.032301508,0
287,Janet Hernandez,Burundi,civilian,0,0.003925417,0.000928535,0.234145221,0.003551714,0
288,Isaac Case,Guadeloupe,civilian,0,0.001962709,0.000749167,0.283055556,0.03096197,0
289,Jane Salinas,Ireland,civilian,0,0.001962709,0.002664256,0.284160625,0.038875517,0
290,Jacob Christensen,Comoros,civilian,0,0.005888126,0.004840298,0.252853598,0.008846442,0
291,Mr. Ronald Hall,Argentina,civilian,0,0.005888126,0.002715412,0.244716619,0.007611396,0
292,Donna Martinez,Holy See (Vatican City State),civilian,0,0.002944063,0.000667686,0.225243148,0.002894552,0
293,Timothy Graves,Samoa,civilian,0,0.004906771,0.001139252,0.218763418,0.00208348,0.1
294,Patrick Mathews,Equatorial Guinea,civilian,0,0.001962709,0.000153966,0.251047056,0.013281476,0
295,Sandra White,Saint Lucia,civilian,0,0.007850834,0.003563318,0.245128699,0.00728838,0.035714286
296,Paul Phillips,Guinea,civilian,0,0.007850834,0.003513777,0.235934244,0.006751851,0
297,Derek Robinson,Martinique,civilian,0,0.001962709,0.000996796,0.277354382,0.025729683,0
298,Shawn Reid,Palau,civilian,0,0.001962709,0.000820359,0.287771816,0.041929168,0
299,Terrance Stark,Moldova,civilian,0,0.002944063,0.000236327,0.210059781,0.0017198,0
300,Jay Humphrey,Yemen,civilian,0,0.002944063,0.001241266,0.245838359,0.008488408,0
301,Sharon Bradley,Namibia,civilian,0,0.001962709,0.000166633,0.230022573,0.003472771,0
302,Mark Orozco,Wallis and Futuna,civilian,0,0.001962709,0.000128334,0.221569907,0.002344653,0
303,Kenneth Walters,Cyprus,civilian,0,0.009813543,0.010565456,0.273117127,0.018817621,0
304,Bill Arroyo,Korea,civilian,0,0.003925417,0.004347646,0.309820614,0.074905734,0.166666667
305,Edwin Chapman,Lithuania,civilian,0,0.001962709,0.000214457,0.21547896,0.00120424,0
306,Karen Weaver,Martinique,civilian,0,0.003925417,0.004225574,0.283528102,0.037320125,0
307,Timothy Gardner,Thailand,civilian,0,0.003925417,0.001703893,0.236481782,0.004534748,0
308,Johnny Smith,Ghana,civilian,0,0.002944063,0.000477871,0.237695358,0.00665316,0
309,Danielle Wise,Vanuatu,civilian,0,0.001962709,0.000328974,0.237639925,0.006350341,0
310,Gary Matthews,Australia,civilian,0,0.004906771,0.001843428,0.234145221,0.006620731,0
311,April Johnston,Saint Pierre and Miquelon,civilian,0,0.001962709,0.00010664,0.23473854,0.005437246,0
312,Brandon Frank,Cocos (Keeling) Islands,civilian,0,0.002944063,0.000243578,0.236098239,0.005092242,0
313,Nathan Stephenson,Brunei Darussalam,civilian,0,0.002944063,8.78E-05,0.235661425,0.00731304,0
314,Clayton Moore,Cayman Islands,civilian,0,0.001962709,5.44E-05,0.243198091,0.011866362,0
315,Jackson Hampton,Samoa,civilian,0,0.001962709,9.12E-05,0.232595298,0.004983158,0
316,Angel Brooks,Palau,civilian,0,0.001962709,0.00137579,0.276526459,0.025429589,0
317,April Andrews,Croatia,civilian,0,0.003925417,0.001904873,0.256158874,0.013939929,0
318,Leah Mitchell,South Georgia and the South Sandwich Islands,civilian,0,0.003925417,0.002968827,0.302373887,0.054074907,0
319,Adam Brown,South Africa,civilian,0,0.00686948,0.004000014,0.251542829,0.009411995,0
320,Lindsey Perez,Gambia,civilian,0,0.002944063,0.0002942,0.225093881,0.003463826,0
321,Sandra Jimenez,Uruguay,civilian,0,0.002944063,0.000422485,0.215981348,0.001916353,0
322,Matthew Gonzalez,Brunei Darussalam,civilian,0,0.002944063,0.001005055,0.239877589,0.006369712,0
323,Vicki Long,Yemen,civilian,0,0.001962709,0.000173396,0.244657863,0.008375499,0
324,Samantha Berg,Lebanon,civilian,0,0.001962709,0.000271406,0.240330189,0.006751615,0
325,Molly Gonzalez,India,civilian,0,0.002944063,0.002079226,0.29812756,0.047177036,0
326,Robert Hale,Estonia,civilian,0,0.001962709,0.000754775,0.280948442,0.029122136,0
327,Monica Stewart,Lao People's Democratic Republic,civilian,0,0.002944063,0.001223912,0.253482587,0.016740684,0
328,Cathy Lynch,Wallis and Futuna,civilian,0,0.003925417,0.001529128,0.244423123,0.00954051,0
329,Eric Smith,Tanzania,civilian,0,0.001962709,0.000150716,0.25532448,0.010909643,0
330,Ashley Murray,Guyana,civilian,0,0.003925417,0.002823893,0.223857645,0.001937177,0
331,Jessica Robertson,Tunisia,civilian,0,0.003925417,0.003007532,0.262764312,0.013898986,0
332,Ralph Burton,Czech Republic,civilian,0,0.003925417,0.002118144,0.236591595,0.005428967,0
333,Ashley Vasquez,Micronesia,civilian,0,0.005888126,0.001847193,0.251729249,0.01428257,0
334,John Saunders,Lesotho,civilian,0,0.004906771,0.00269477,0.260613811,0.015873514,0.1
335,Kimberly Hardin,Qatar,civilian,0,0.003925417,0.002620348,0.261483192,0.014009774,0
336,Jason Klein,Niue,civilian,0,0.002944063,0.000923919,0.272678619,0.018916943,0
337,Amber Mcfarland,Iceland,civilian,0,0.003925417,0.001446673,0.229866907,0.007993951,0
338,Heather Larson,Jamaica,civilian,0,0.001962709,9.15E-05,0.25551655,0.010878561,0
339,Jonathan Pierce,Bolivia,civilian,0,0.005888126,0.001792388,0.235009225,0.005715857,0
340,Andrew Reed,Gibraltar,civilian,0,0.005888126,0.00369255,0.242561295,0.007594477,0.066666667
341,Linda Lee,Micronesia,civilian,0,0.003925417,0.001938849,0.243721598,0.007243941,0
342,Ms. Sara Patel,Libyan Arab Jamahiriya,civilian,0,0.001962709,3.36E-05,0.243372343,0.008019077,0
343,Brenda Garcia,Gabon,civilian,0,0.003925417,0.001798187,0.253104819,0.009195217,0
344,Sarah Hamilton,South Georgia and the South Sandwich Islands,civilian,0,0.004906771,0.002405355,0.241927825,0.005476618,0
345,Corey Mcintyre,Niue,civilian,0,0.001962709,0.000100986,0.241183432,0.006672291,0
346,Cody Johnson,Nepal,civilian,0,0.002944063,0.001089955,0.244657863,0.008855222,0
347,Suzanne Carter,Cyprus,civilian,0,0.001962709,0.000233482,0.259882683,0.016377608,0
348,Laurie Scott,Cyprus,civilian,0,0.005888126,0.003244016,0.254241517,0.010751095,0
349,Nicole Hughes,Grenada,civilian,0,0.003925417,0.001630448,0.246016417,0.008348397,0
350,Jeffrey Russell,Martinique,civilian,0,0.001962709,7.20E-05,0.211060481,0.001344489,0
351,Diamond Hunter,Turkmenistan,civilian,0,0.002944063,0.001095031,0.24518768,0.005862988,0
352,Raymond Jenkins,Iran,civilian,0,0.001962709,0.000663575,0.285434174,0.039557938,0
353,Corey Griffith,Ecuador,civilian,0,0.003925417,0.003767384,0.286075239,0.038211613,0
354,Ryan Richardson,Spain,civilian,0,0.003925417,0.000829004,0.244834214,0.007572229,0
355,Cindy Murphy,Hungary,civilian,0,0.00686948,0.002724686,0.24890083,0.007673965,0
356,Christine Ferguson,Marshall Islands,civilian,0,0.001962709,0.001236208,0.270507035,0.016578899,0
357,Nicholas Morris,Marshall Islands,civilian,0,0.001962709,0.000255445,0.255452494,0.014851309,0
358,Jennifer Gilbert,China,civilian,0,0.002944063,0.000778879,0.282819872,0.039084089,0
359,Bryan Downs,Tonga,civilian,0,0.003925417,0.000723211,0.213940794,0.001934326,0
360,Carlos West,Montserrat,civilian,0,0.002944063,0.003455346,0.250430081,0.00582168,0
361,William Ortiz,Guernsey,civilian,0,0.005888126,0.00345974,0.249327135,0.008645482,0
362,Jean Turner DVM,Italy,civilian,0,0.004906771,0.001364781,0.217270789,0.00146694,0
363,Maurice Lang,Kazakhstan,civilian,0,0.002944063,0.000676232,0.233930211,0.009915638,0
364,David Jones,Somalia,civilian,0,0.003925417,0.00126679,0.254941206,0.01503006,0
365,Timothy Powell,Antarctica (the territory South of 60 deg S),civilian,0,0.001962709,0.000103426,0.234468477,0.006003447,0
366,Todd Merritt,Costa Rica,civilian,0,0.001962709,8.93E-05,0.210929414,0.001761236,0
367,Kristina Jackson,Egypt,civilian,0,0.001962709,0.001666174,0.283528102,0.038405324,0
368,Kurt Williams,Portugal,civilian,0,0.002944063,5.82E-05,0.223857645,0.004796367,0
369,Elizabeth Taylor,Antarctica (the territory South of 60 deg S),civilian,0,0.002944063,0.000820344,0.212690461,0.001683871,0
370,Carl Mason,Uganda,civilian,0,0.002944063,0.000642887,0.266126926,0.017139249,0.333333333
371,Barbara Rush,Madagascar,civilian,0,0.001962709,0.000138265,0.235498036,0.005536545,0
372,Heidi Hatfield,Nepal,civilian,0,0.005888126,0.004861544,0.246970431,0.009163959,0
373,Michael Dawson,Benin,civilian,0,0.001962709,0.000273301,0.244775402,0.008631884,0
374,Gabriella Murillo,Serbia,civilian,0,0.002944063,0.00108252,0.239708304,0.00658721,0
375,John Finley,Cape Verde,civilian,0,0.003925417,0.001944613,0.250491642,0.013881415,0
376,Sean Holmes,Ecuador,civilian,0,0.004906771,0.005109612,0.267594538,0.017796104,0
377,Wendy Beck,Tonga,civilian,0,0.004906771,0.003689634,0.279101616,0.026993378,0
378,Johnny Reid,Turks and Caicos Islands,civilian,0,0.003925417,0.001127761,0.248536585,0.009166295,0
379,Erica Washington,Japan,civilian,0,0.002944063,0.000460981,0.247330097,0.009103525,0
380,Michael Gonzalez,Saint Martin,civilian,0,0.003925417,0.001896187,0.283449235,0.041511125,0.166666667
381,Sean Clark,Bulgaria,civilian,0,0.002944063,0.000301213,0.232754683,0.006045771,0
382,Benjamin Clark,Cote d'Ivoire,civilian,0,0.001962709,0,0.284160625,0.044087718,1
383,Johnathan Sellers,Bhutan,civilian,0,0.004906771,0.003380766,0.255132699,0.010478719,0
384,Samantha Foster,Seychelles,civilian,0,0.002944063,0.001642571,0.296911422,0.047418429,0
385,Bonnie Blair,Saint Vincent and the Grenadines,civilian,0,0.004906771,0.003247543,0.25179145,0.011135761,0.1
386,Ryan Smith,Niger,civilian,0,0.001962709,0.000277778,0.22929793,0.003963226,0
387,Corey Williams,Senegal,civilian,0,0.003925417,0.001828336,0.214120614,0.001453199,0.166666667
388,Justin Hoover,Micronesia,civilian,0,0.001962709,0,0.207916752,0.001320079,1
389,Anthony Todd,Montserrat,civilian,0,0.001962709,6.62E-05,0.244247363,0.00754857,0
390,Janice Silva,Malta,civilian,0,0.001962709,0.00102983,0.28551415,0.032814327,0
391,Alyssa Dillon,Jersey,civilian,0,0.001962709,0.000698214,0.296738497,0.046658903,0
392,Nicole Jacobs,Australia,civilian,0,0.003925417,0.002330886,0.256998739,0.012517651,0
393,Katherine Kemp,Congo,civilian,0,0.002944063,0.00074295,0.24890083,0.008624869,0
394,Edward Bishop,Turkmenistan,civilian,0,0.004906771,0.001276408,0.238362573,0.006473054,0
395,Christopher Shaw,Norfolk Island,civilian,0,0.003925417,0.003637599,0.251356685,0.0075474,0
396,Shari Harris,Tunisia,civilian,0,0.001962709,0.000152945,0.229918773,0.004342762,0
397,Christopher Johnson,Svalbard & Jan Mayen Islands,civilian,0,0.002944063,0.002367867,0.267033543,0.017806159,0
398,Alexis Powell,Bulgaria,civilian,0,0.002944063,0.001968744,0.283370412,0.03949804,0
399,Jason Murray,Jamaica,civilian,0,0.002944063,0.001354689,0.251356685,0.012998713,0
400,Steven Carter,Faroe Islands,civilian,0,0.001962709,2.05E-05,0.235988884,0.005362347,0
401,Daniel Mclaughlin,Kazakhstan,civilian,0,0.001962709,0.000440673,0.286880631,0.041884321,0
402,Joel Green,Ghana,civilian,0,0.001962709,0.000482248,0.258958069,0.012501474,0
403,Tonya Hawkins,Congo,civilian,0,0.001962709,0.000732023,0.247570457,0.008649469,0
404,Phyllis Williams,Albania,civilian,0,0.001962709,0.000138891,0.20745114,0.001271188,0
405,Nathan Clements,Togo,civilian,0,0.001962709,0.000831027,0.275852734,0.025757033,0
406,Eric Hampton,Armenia,civilian,0,0.004906771,0.003197495,0.278719912,0.02202716,0
407,James Kennedy,Bhutan,civilian,0,0.004906771,0.003229014,0.253482587,0.009907813,0
408,Daniel Davis,Equatorial Guinea,civilian,0,0.004906771,0.004792023,0.273117127,0.020228738,0
409,Robert Phillips,Estonia,civilian,0,0.002944063,0.001031269,0.230334539,0.003172796,0
410,Noah Bowman,Palau,civilian,0,0.001962709,0.000167328,0.21119171,0.001636546,0
411,Kelsey Malone,Myanmar,civilian,0,0.001962709,0.00014027,0.207916752,0.001836315,0
412,Rebecca Mendoza,Nigeria,civilian,0,0.001962709,0.000167827,0.212026633,0.001547621,0
413,John Steele,Micronesia,civilian,0,0.002944063,0.000626572,0.21119171,0.001528954,0
414,Susan Gaines,Jamaica,civilian,0,0.001962709,0.000260429,0.221137153,0.002368208,0
415,Norma Simon,Falkland Islands (Malvinas),civilian,0,0.002944063,0.001290558,0.223024732,0.002549306,0
416,Jeffrey Shelton,Senegal,civilian,0,0.002944063,0.001300976,0.266963584,0.01791853,0
417,Sara Lowe,New Zealand,civilian,0,0.001962709,0.000169966,0.25179145,0.014944846,0
418,David Mitchell,Croatia,civilian,0,0.001962709,0.000157777,0.234199035,0.004681877,0
419,Jennifer Gibson,Italy,civilian,0,0.003925417,0.000814565,0.233554893,0.006276985,0
420,Benjamin Stevenson,Aruba,civilian,0,0.002944063,0.000422397,0.22094536,0.002424717,0
421,Martha Medina,Liberia,civilian,0,0.002944063,0.000815563,0.221137153,0.002102654,0
422,Marc Weeks,Mayotte,civilian,0,0.00686948,0.004682445,0.249266145,0.008708458,0
423,Kevin Perez,Moldova,civilian,0,0.003925417,0.003623601,0.262832087,0.013326477,0
424,Lindsay Hampton,Slovenia,civilian,0,0.001962709,0.000182505,0.224895167,0.002494123,0
425,Nancy Sanford,Kiribati,civilian,0,0.002944063,0.000654867,0.28400223,0.040787571,0.333333333
426,Robin Herman,Ethiopia,civilian,0,0.004906771,0.001688413,0.249693703,0.00829277,0
427,Kathleen Friedman,Heard Island and McDonald Islands,civilian,0,0.002944063,0.00050719,0.236152955,0.004666896,0
428,Benjamin Carter,Chad,civilian,0,0.001962709,0.000477879,0.24890083,0.009444178,0
429,Nicole Potter,Burundi,civilian,0,0.002944063,0.000332974,0.216027136,0.001909053,0
430,Barbara Robertson,Madagascar,civilian,0,0.002944063,0.000634259,0.227201784,0.003226419,0
431,Diana Chavez,Gibraltar,civilian,0,0.003925417,0.003087958,0.26957672,0.016687273,0
432,Peggy Clark,El Salvador,civilian,0,0.001962709,0.000167947,0.250799902,0.010482321,0
433,Alexander Davis,Serbia,civilian,0,0.001962709,7.60E-05,0.238084112,0.006368663,0
434,Sean Ibarra,Benin,civilian,0,0.001962709,0.000856214,0.283370412,0.039055707,0
435,Amber Fowler,Samoa,civilian,0,0.003925417,0.001619246,0.247150133,0.01088284,0
436,Eric Taylor MD,Iraq,civilian,0,0.001962709,0.000115951,0.254114713,0.014382712,0
437,Kelsey Walsh,Montenegro,civilian,0,0.001962709,0.00030601,0.233769213,0.003001217,0
438,Kenneth Boyd,Albania,civilian,0,0.003925417,0.000709803,0.221618095,0.002706421,0
439,Kevin Wilson,Nicaragua,civilian,0,0.001962709,0.000106217,0.216762391,0.002427476,0
440,Carolyn Austin DDS,El Salvador,civilian,0,0.001962709,0.001363294,0.279561043,0.025948303,0
441,Kevin Cook,Singapore,civilian,0,0.003925417,0.001578906,0.25012273,0.010371003,0.166666667
442,Joseph Watson,Croatia,civilian,0,0.004906771,0.001188762,0.221377363,0.002989125,0
443,Stacy Meza,Falkland Islands (Malvinas),civilian,0,0.001962709,0.000186769,0.235117674,0.004173279,0
444,Joshua Doyle,Gibraltar,civilian,0,0.001962709,9.56E-05,0.227404597,0.003366705,0
445,Phillip Randolph,Tajikistan,civilian,0,0.001962709,0.000583662,0.282662968,0.03692049,0
446,Edwin Roberts,Holy See (Vatican City State),civilian,0,0.001962709,0,0.248718575,0.010658504,1
447,Travis Harper,Sweden,civilian,0,0.001962709,0.000309242,0.268228481,0.016355615,0
448,Amber Hart,Philippines,civilian,0,0.002944063,0.000553385,0.240557129,0.006898457,0
449,Lauren Bryant,Tunisia,civilian,0,0.003925417,0.002367617,0.276451438,0.03110225,0.166666667
450,Jason Jones,Moldova,civilian,0,0.002944063,0.001014003,0.223073555,0.002658961,0
451,John Gutierrez,French Southern Territories,civilian,0,0.002944063,0.000731333,0.241985277,0.0082471,0
452,Thomas Schroeder,Belize,civilian,0,0.002944063,0.002299868,0.268936395,0.016489125,0
453,Michael Medina,United States of America,civilian,0,0.001962709,0,0.28551415,0.04428837,1
454,Debra Rosario,Cambodia,civilian,0,0.007850834,0.007460623,0.253798257,0.010326552,0
455,Robert Stevens,Lebanon,civilian,0,0.002944063,0.001381861,0.247090204,0.008120509,0
456,Brian Wyatt,Maldives,civilian,0,0.002944063,0.000763111,0.236262462,0.004804858,0
457,Ms. Lisa Oliver DDS,Burkina Faso,civilian,0,0.001962709,0.000188715,0.23959558,0.005923825,0
458,Susan Carter,Western Sahara,civilian,0,0.001962709,8.67E-05,0.221329279,0.00223278,0
459,Garrett Wilcox,United States Virgin Islands,civilian,0,0.001962709,2.89E-06,0.235389235,0.006671667,0
460,Steven Weber,Suriname,civilian,0,0.001962709,3.86E-06,0.236921646,0.008321121,0
461,William Anderson,Nicaragua,civilian,0,0.003925417,0.00081226,0.232224248,0.005736841,0
462,Brian Cox,Malta,civilian,0,0.002944063,0.000823686,0.230126468,0.004446736,0
463,Kara Davis,Philippines,civilian,0,0.002944063,0.002464402,0.278872469,0.025800764,0
464,Ashley Ray,Syrian Arab Republic,civilian,0,0.004906771,0.004395366,0.270005299,0.016369702,0
465,James Fleming,Kenya,civilian,0,0.001962709,0.000116356,0.227811312,0.003487626,0
466,Alyssa Williams,Austria,civilian,0,0.004906771,0.001954233,0.238306829,0.005971791,0
467,Dennis Robles,Bosnia and Herzegovina,civilian,0,0.004906771,0.001188981,0.247931873,0.01296026,0
468,Denise Cole,Bolivia,civilian,0,0.001962709,3.77E-05,0.210842127,0.002694559,0
469,Anna Morgan,Cocos (Keeling) Islands,civilian,0,0.007850834,0.00408167,0.253798257,0.011159794,0.035714286
470,Jason Romero,Liberia,civilian,0,0.001962709,0.000554147,0.284875594,0.043419806,0
471,Megan Higgins,Indonesia,civilian,0,0.001962709,0,0.237529138,0.006602997,1
472,Kathryn Allen,Guernsey,civilian,0,0.003925417,0.00227936,0.267805519,0.016461822,0
473,Audrey Pierce,British Virgin Islands,civilian,0,0.002944063,0.000611409,0.229040234,0.004684318,0
474,Shelley Drake,Austria,civilian,0,0.005888126,0.004145095,0.257974684,0.014992411,0
475,Destiny Edwards,Timor-Leste,civilian,0,0.002944063,0.001320186,0.287042254,0.040726424,0
476,Paula Cole,Russian Federation,civilian,0,0.001962709,0.000133444,0.227964206,0.004345416,0
477,Amanda Bean,Panama,civilian,0,0.001962709,0.001215157,0.284477945,0.036195368,0
478,Gina Ochoa,Turks and Caicos Islands,civilian,0,0.001962709,0.000157056,0.260680481,0.01533536,0
479,Betty Miller,Czech Republic,civilian,0,0.001962709,0.00024244,0.211982525,0.00196455,0
480,Jack Harris,Palau,civilian,0,0.001962709,0.000109276,0.216164616,0.002159745,0
481,Kristin Freeman,Guadeloupe,civilian,0,0.002944063,0.000435586,0.213716443,0.002448146,0
482,Danielle Flores,Belize,civilian,0,0.002944063,0.001390746,0.251853683,0.01416139,0
483,Michael Doyle,Senegal,civilian,0,0.003925417,0.001206003,0.230908679,0.004720679,0
484,Shannon Zimmerman,Aruba,civilian,0,0.004906771,0.003004108,0.284319196,0.043141798,0.1
485,Jason Hurley,Ecuador,civilian,0,0.003925417,0.001538587,0.215433404,0.002216177,0
486,Danielle Russell,Italy,civilian,0,0.001962709,0.000200442,0.23323415,0.004408696,0
487,Rebecca Melendez,Poland,civilian,0,0.002944063,0.000426904,0.200827749,0.000865825,0
488,Amanda King,Thailand,civilian,0,0.001962709,0.000221796,0.221859351,0.002746796,0
489,Ryan Riley,Botswana,civilian,0,0.002944063,0.000596162,0.246135266,0.006842884,0
490,Kevin Murray,Isle of Man,civilian,0,0.001962709,0.000148457,0.235988884,0.006938088,0
491,Jennifer Williams,Australia,civilian,0,0.001962709,0.000724284,0.283528102,0.036831526,0
492,Samantha Nelson,Guatemala,civilian,0,0.001962709,0.000246908,0.249083354,0.008958485,0
493,Patrick Hall,United Arab Emirates,civilian,0,0.001962709,0.000115393,0.240841409,0.00731914,0
494,Kathleen Welch,Lebanon,civilian,0,0.001962709,8.88E-05,0.233554893,0.008901488,0
495,James Hunt,Saint Martin,civilian,0,0.002944063,0.000802633,0.244599136,0.007387299,0
496,Kathryn Smith,Taiwan,civilian,0,0.004906771,0.001029339,0.231223054,0.005937627,0
497,Rhonda Cunningham,Comoros,civilian,0,0.002944063,0.000274066,0.224054529,0.002852284,0
498,Michael Hernandez,New Caledonia,civilian,0,0.001962709,0.000131423,0.208256693,0.001548012,0
499,Catherine Richards,Iraq,civilian,0,0.002944063,0.000646151,0.210667769,0.001414712,0
500,Travis Ford,Taiwan,civilian,0,0.001962709,0.000100927,0.245364797,0.008411815,0
501,Katie Singleton,Yemen,civilian,0,0.002944063,7.21E-05,0.22599246,0.00586314,0
502,Jaime Martinez,Bosnia and Herzegovina,civilian,0,0.001962709,0.000544947,0.23323415,0.003457698,0
503,Terri Stewart,Mongolia,civilian,0,0.001962709,6.09E-05,0.238585811,0.006305754,0
504,Michael Potter,Vietnam,civilian,0,0.001962709,0.000106329,0.247150133,0.009291483,0
505,Oscar Kim MD,Mozambique,civilian,0,0.002944063,0.000595597,0.215844101,0.002341276,0
506,Katherine Young,Mali,civilian,0,0.001962709,0.000431649,0.249388155,0.010121042,0
507,Amber Chavez,Colombia,civilian,0,0.003925417,0.0019198,0.25981642,0.01589626,0
508,Ashley Gonzalez,India,civilian,0,0.001962709,4.75E-05,0.226746773,0.003873347,0
509,Wesley Davis,Tuvalu,civilian,0,0.001962709,0.000208352,0.255644757,0.01258305,0
510,Hannah Smith,Somalia,civilian,0,0.003925417,0.001404714,0.309256449,0.07752269,0.166666667
511,Ryan Nelson,Saint Pierre and Miquelon,civilian,0,0.002944063,0.001180321,0.244481766,0.0075681,0
512,Christopher Graham,Germany,civilian,0,0.001962709,9.92E-05,0.239990579,0.01050134,0
513,Elizabeth Doyle,Cocos (Keeling) Islands,civilian,0,0.002944063,0.001410352,0.226898241,0.002863916,0
514,John Cohen,Central African Republic,civilian,0,0.001962709,0.001094813,0.284955257,0.039038936,0
515,Dr. Jesus Jones MD,Romania,civilian,0,0.003925417,0.004004683,0.26344364,0.011943058,0
516,James Anderson,Romania,civilian,0,0.002944063,0.000373875,0.20821414,0.001445521,0
517,James Hernandez,Tonga,civilian,0,0.002944063,0.000414942,0.229246344,0.004135592,0
518,Gary Hughes,Saint Martin,civilian,0,0.002944063,0.000686889,0.206025071,0.001003296,0
519,Ashley Decker,Taiwan,civilian,0,0.002944063,0.000222355,0.236591595,0.007338258,0.333333333
520,Sheila Rangel,Sudan,civilian,0,0.001962709,6.39E-05,0.225892263,0.003185549,0
521,Susan Cuevas,Aruba,civilian,0,0.007850834,0.022287687,0.246790991,0.006701959,0
522,Sandra Martinez,Venezuela,civilian,0,0.002944063,0.00092087,0.229401171,0.004201454,0
523,Rhonda Tucker,Trinidad and Tobago,civilian,0,0.001962709,0.000179775,0.216762391,0.001669397,0
524,Sydney Richard,Switzerland,civilian,0,0.003925417,0.001716406,0.277429894,0.030042404,0
525,Jessica Estrada,Seychelles,civilian,0,0.001962709,0.000273671,0.222343443,0.002377789,0
526,Katie Callahan,Macao,civilian,0,0.002944063,0.000558922,0.239708304,0.007979586,0
527,Amanda Allen,Brunei Darussalam,civilian,0,0.003925417,0.001103045,0.228015216,0.003752177,0
528,Shannon Johnson,Malta,civilian,0,0.002944063,0.001283446,0.221956001,0.002715077,0
529,Zachary Armstrong,Afghanistan,civilian,0,0.002944063,0.000366616,0.188320089,0.000486827,0
530,Robert Beltran,Armenia,civilian,0,0.001962709,0,0.308694335,0.073317659,1
531,Andrew Powell,Papua New Guinea,civilian,0,0.001962709,0.000158266,0.246313754,0.008875624,0
532,Nicholas Riddle,Finland,civilian,0,0.001962709,0.000364409,0.255708908,0.010699576,0
533,Cheryl Sullivan,Oman,civilian,0,0.001962709,0.000262778,0.231223054,0.005170667,0
534,Mark Harris,Korea,civilian,0,0.001962709,0.000160773,0.223415918,0.003108274,0
535,Maria Austin,Honduras,civilian,0,0.002944063,0.001373002,0.247210092,0.013138098,0
536,Joe Caldwell,Saint Lucia,civilian,0,0.001962709,0.000112503,0.196301291,0.000825171,0
537,Marcus Cannon,Guatemala,civilian,0,0.001962709,0.000253806,0.233340966,0.006819114,0
538,Joseph Schultz,Denmark,civilian,0,0.004906771,0.002273616,0.250738189,0.007627922,0
539,Timothy Garcia,Finland,civilian,0,0.001962709,0.000235788,0.242908224,0.007451088,0
540,Ashley Farley,Honduras,civilian,0,0.003925417,0.001471704,0.251853683,0.010460039,0
541,Dawn Holmes,Chile,civilian,0,0.003925417,0.003680135,0.288750354,0.042706128,0
542,Tracy Huynh,Greece,civilian,0,0.001962709,0.000142682,0.219991364,0.003068741,0
543,Jason Santos,Central African Republic,civilian,0,0.001962709,0.000318587,0.224647266,0.004541235,0
544,David Ramsey,Cayman Islands,civilian,0,0.001962709,5.14E-05,0.207282343,0.001245241,0
545,Kaitlin Ponce,India,civilian,0,0.004906771,0.001614974,0.233930211,0.003698312,0
546,Jacob Rose,Turks and Caicos Islands,civilian,0,0.001962709,0.000337512,0.223220153,0.003466006,0
547,Amy Wright,Myanmar,civilian,0,0.001962709,0,0.227607773,0.004448477,1
548,Richard Smith,Mali,civilian,0,0.002944063,0.000542001,0.227913219,0.004923111,0
549,Molly Rivera,Western Sahara,civilian,0,0.001962709,7.67E-05,0.213895886,0.002147721,0
550,Eric Davis,Mexico,civilian,0,0.002944063,0.000814881,0.25235265,0.013611086,0
551,Keith Stephenson,Egypt,civilian,0,0.001962709,0.000139837,0.228526575,0.004553616,0
552,Nicole Frazier,Guinea,civilian,0,0.001962709,0.000333217,0.208427081,0.001067775,0
553,Crystal Benjamin,Iran,civilian,0,0.003925417,0.002128719,0.277052746,0.030008341,0
554,Brittany Thompson,Panama,civilian,0,0.002944063,0.000333163,0.207874337,0.001159493,0
555,Marcus Owens,Macao,civilian,0,0.001962709,0.00041247,0.276376458,0.027361236,0
556,Sarah Myers,Mozambique,civilian,0,0.001962709,2.76E-05,0.233715596,0.004562283,0
557,James Donovan,Nigeria,civilian,0,0.001962709,0.000524869,0.239089629,0.005207413,0
558,Amanda Owens,Djibouti,civilian,0,0.001962709,8.62E-05,0.241698292,0.007988597,0
559,Barry Coleman,Hong Kong,civilian,0,0.002944063,0.000315304,0.224005276,0.003257169,0
560,Erin Smith,Yemen,civilian,0,0.001962709,0.00060297,0.28400223,0.037110763,0
561,Danielle Fuller,Micronesia,civilian,0,0.002944063,0.001747352,0.283685969,0.042616191,0.333333333
562,Theresa Hahn,Togo,civilian,0,0.001962709,0.000104142,0.217363481,0.002286461,0
563,Cameron Brown,Timor-Leste,civilian,0,0.003925417,0.001478534,0.226948775,0.003648773,0
564,Ashlee Williams,Estonia,civilian,0,0.001962709,6.48E-05,0.241985277,0.006996299,0
565,Dylan Welch,Turkey,civilian,0,0.001962709,0.000217952,0.24890083,0.011897166,0
566,Dawn Hernandez,Ireland,civilian,0,0.002944063,0.002000046,0.255196594,0.011043654,0
567,Tammy Adams,Pitcairn Islands,civilian,0,0.001962709,0.000234937,0.213940794,0.001540346,0
568,Stephen Costa,Austria,civilian,0,0.001962709,2.58E-05,0.222634914,0.002620898,0
569,Kelli Kennedy,Korea,civilian,0,0.005888126,0.002362156,0.244834214,0.011496597,0
570,Jennifer Anderson,Antarctica (the territory South of 60 deg S),civilian,0,0.001962709,0.000179451,0.243663319,0.00873994,0
571,Lauren Price,Northern Mariana Islands,civilian,0,0.004906771,0.002444549,0.217456253,0.001993434,0
572,Natalie Walker,Switzerland,civilian,0,0.004906771,0.002979183,0.255901557,0.010611444,0
573,Lisa Moss,Jamaica,civilian,0,0.001962709,6.38E-05,0.210580698,0.001867653,0
574,Jason Payne,Libyan Arab Jamahiriya,civilian,0,0.001962709,0.000233008,0.220324324,0.002696983,0
575,Dr. Michael Jones,Turkey,civilian,0,0.001962709,0.000196828,0.238921454,0.005762109,0
576,Cameron Roth DVM,Pakistan,civilian,0,0.002944063,0.001270337,0.248415407,0.00981196,0
577,Terri Evans,Germany,civilian,0,0.001962709,0.000660585,0.274959525,0.025351656,0
578,Laura Lang,Cook Islands,civilian,0,0.001962709,5.50E-05,0.238418343,0.006896476,0
579,Sandra Jones,Cape Verde,civilian,0,0.001962709,0.000328349,0.242561295,0.005091088,0
580,Amanda Diaz,Antarctica (the territory South of 60 deg S),civilian,0,0.001962709,0.000118527,0.241126361,0.00676143,0
581,Ashley Wright,Afghanistan,civilian,0,0.005888126,0.003803936,0.257063572,0.011581216,0
582,Antonio Church,Montenegro,civilian,0,0.001962709,9.39E-05,0.230126468,0.004455399,0
583,Jenna Dixon MD,Vietnam,civilian,0,0.001962709,0.000344327,0.244540437,0.006457507,0
584,Mr. Paul Perez Jr.,Bulgaria,civilian,0,0.001962709,0.000281702,0.233394411,0.003309065,0
585,Carolyn Gates,Hong Kong,civilian,0,0.001962709,0,0.265364583,0.016897563,1
586,Brittany Cain DDS,Paraguay,civilian,0,0.001962709,0.000113673,0.246850775,0.008123043,0
587,Jamie Coffey,Nepal,civilian,0,0.002944063,0.000856793,0.217363481,0.001994355,0
588,Jordan Ingram,Isle of Man,civilian,0,0.001962709,0.000253457,0.249632533,0.010368201,0
589,Matthew Fisher,Bouvet Island (Bouvetoya),civilian,0,0.002944063,0.001262624,0.247450219,0.006808419,0
590,Joshua Ali,Cape Verde,civilian,0,0.003925417,0.002111865,0.223415918,0.002806113,0
591,Christina Carpenter,Cambodia,civilian,0,0.002944063,0.000842526,0.241297656,0.007814021,0
592,William Spencer,Malta,civilian,0,0.001962709,0.00056361,0.243721598,0.00558178,0
593,Christine Young,Martinique,civilian,0,0.002944063,0.000689375,0.222586282,0.002291116,0
594,Jennifer Chapman,Jordan,civilian,0,0.001962709,0.00014716,0.229401171,0.003097395,0
595,Alison Lopez,Saint Helena,civilian,0,0.001962709,0.000238682,0.234037667,0.005773591,0
596,Brittany Moore,Somalia,civilian,0,0.001962709,0.000192247,0.243082061,0.005908169,0
597,Anthony Reed,Mali,civilian,0,0.001962709,0.000149723,0.241183432,0.010768915,0
598,Teresa Blackwell,Central African Republic,civilian,0,0.002944063,0.000679265,0.245779064,0.007576829,0
599,Allen Jacobson,Burkina Faso,civilian,0,0.001962709,0.000110582,0.226343847,0.00406649,0
600,Karla Hill,Afghanistan,civilian,0,0.002944063,0.001175006,0.246970431,0.007609925,0
601,Deborah Miles,Estonia,civilian,0,0.001962709,0.000216495,0.232595298,0.005835494,0
602,Brooke Myers,Puerto Rico,civilian,0,0.002944063,0.000562443,0.25036855,0.013244693,0
603,Bethany Powers,Argentina,civilian,0,0.001962709,0.000297317,0.22094536,0.002753297,0
604,Stephen Dalton,Yemen,civilian,0,0.003925417,0.000871196,0.217363481,0.001894496,0
605,James Ferguson,Bahrain,civilian,0,0.001962709,0.000285006,0.241640977,0.006935097,0
606,Kimberly Hall,Germany,civilian,0,0.001962709,8.53E-05,0.21685465,0.001602973,0
607,Chelsea Herrera,Romania,civilian,0,0.002944063,0.000182133,0.194577048,0.000547952,0
608,James Vasquez,Serbia,civilian,0,0.001962709,0.000524,0.237917348,0.006812581,0
609,Michelle Becker,Montenegro,civilian,0,0.002944063,0.001548289,0.28973557,0.046236041,0
610,Rodney Taylor,Bolivia,civilian,0,0.001962709,0.000467092,0.251853683,0.013407636,0
611,Julie Scott,Papua New Guinea,civilian,0,0.001962709,0.000268872,0.240330189,0.007026651,0
612,Jaime Gomez MD,Monaco,civilian,0,0.002944063,0.00015329,0.241469194,0.015213363,0
613,Rachel Jones,Cocos (Keeling) Islands,civilian,0,0.004906771,0.001697738,0.23201275,0.004802856,0
614,Lorraine Smith,Samoa,civilian,0,0.001962709,0.000238045,0.2048653,0.000835056,0
615,Crystal Osborn,United States Minor Outlying Islands,civilian,0,0.002944063,0.000338763,0.236756506,0.00611177,0
616,Jonathan Bell,Bangladesh,civilian,0,0.002944063,0.002812577,0.276076944,0.019753207,0
617,Heidi Nelson,Madagascar,civilian,0,0.001962709,0.000438728,0.275778078,0.020268548,0
618,Judy Schroeder,Congo,civilian,0,0.002944063,0.001477911,0.284636872,0.046895059,0.333333333
619,Kimberly Schmidt,Croatia,civilian,0,0.001962709,0.00011434,0.211982525,0.002354263,0
620,Kelly Ferguson,Azerbaijan,civilian,0,0.001962709,5.31E-05,0.229607932,0.004128743,0
621,Kimberly Brown,Oman,civilian,0,0.003925417,0.003515032,0.286799887,0.040217594,0
622,Jeff Lee,New Zealand,civilian,0,0.001962709,0.000157432,0.225692137,0.002427025,0
623,David Reynolds,Heard Island and McDonald Islands,civilian,0,0.002944063,0.000897349,0.241985277,0.008319444,0
624,Matthew Erickson,Montenegro,civilian,0,0.002944063,0.000575203,0.222829652,0.00235234,0
625,Nicholas Stewart,Mayotte,civilian,0,0.002944063,0.000307542,0.222586282,0.001987226,0
626,Lisa Blackwell,Chile,civilian,0,0.002944063,0.001886903,0.254241517,0.007196877,0
627,Sandra Kelley,South Georgia and the South Sandwich Islands,civilian,0,0.001962709,0.000243597,0.221618095,0.002301446,0
628,Micheal Craig,Somalia,civilian,0,0.001962709,0.00132681,0.283923098,0.038680594,0
629,Rebecca Pineda DDS,Switzerland,civilian,0,0.001962709,0.000179525,0.204947707,0.001132385,0
630,Cynthia Townsend,Lebanon,civilian,0,0.001962709,0.000200602,0.251542829,0.011753678,0
631,Timothy Bell,Dominica,civilian,0,0.004906771,0.001440767,0.231223054,0.003330988,0
632,Crystal Mcgee,Colombia,civilian,0,0.001962709,0.000155302,0.223366944,0.002490441,0
633,Amanda Collins,Thailand,civilian,0,0.001962709,0.000593957,0.251853683,0.008898791,0
634,Alicia Smith,Iceland,civilian,0,0.004906771,0.00499926,0.277959629,0.026375978,0
635,Erica Burns,Trinidad and Tobago,civilian,0,0.001962709,6.92E-05,0.228988764,0.004768464,0
636,Jennifer Cain,Saint Kitts and Nevis,civilian,0,0.001962709,0.000157948,0.230022573,0.003570011,0
637,Dennis Michael,Uganda,civilian,0,0.001962709,7.37E-05,0.208384458,0.001241436,0
638,Lindsay Jenkins,Tonga,civilian,0,0.002944063,0.002424154,0.262223366,0.014487456,0
639,Whitney Obrien,Netherlands,civilian,0,0.002944063,0.001827536,0.249877391,0.010721,0
640,Dylan Hernandez,Jordan,civilian,0,0.001962709,7.20E-05,0.238697587,0.009906489,0
641,James Perkins,Sao Tome and Principe,civilian,0,0.003925417,0.001320656,0.228731762,0.003692666,0
642,Tracy Patterson,Saint Barthelemy,civilian,0,0.001962709,0.000149385,0.211104206,0.001331689,0
643,Taylor Garcia,French Polynesia,civilian,0,0.001962709,0.000201789,0.219328455,0.00225911,0
644,Jennifer Oconnor,Ukraine,civilian,0,0.001962709,0.000219774,0.223171266,0.002390807,0
645,Adam James,Guadeloupe,civilian,0,0.001962709,0.000436895,0.244423123,0.00683982,0
646,John Brown,Namibia,civilian,0,0.001962709,0.000459661,0.258236189,0.011735637,0
647,Catherine Powers,Sierra Leone,civilian,0,0.001962709,0.00070509,0.275628888,0.025478751,0
648,Eric Rangel,British Indian Ocean Territory (Chagos Archipelago),civilian,0,0.002944063,0.000534389,0.215524535,0.002193887,0
649,Laurie Nichols,French Polynesia,civilian,0,0.001962709,0.000175434,0.235334873,0.00524955,0
650,Sean Rangel,Greece,civilian,0,0.001962709,0.001798813,0.249327135,0.009296414,0
651,Nicole Howard,Palestinian Territory,civilian,0,0.001962709,5.15E-05,0.207747197,0.001663007,0
652,Patrick Saunders,Ukraine,civilian,0,0.002944063,0.002062677,0.277128094,0.025633843,0
653,James Mann,Congo,civilian,0,0.001962709,0.000127112,0.218107877,0.002457182,0
654,Kathleen Reese,Cape Verde,civilian,0,0.001962709,0.000260948,0.23106576,0.003582967,0
655,Courtney Nichols,Togo,civilian,0,0.001962709,5.80E-05,0.229763247,0.005238402,0
656,Julian Jones,Chile,civilian,0,0.002944063,0.000208415,0.209757102,0.001942665,0
657,Amber Webb,Christmas Island,civilian,0,0.002944063,0.003801538,0.281258625,0.026833536,0
658,Jessica Brooks,Peru,civilian,0,0.002944063,0.00056631,0.229918773,0.002503609,0
659,Amy Lawrence,Montserrat,civilian,0,0.001962709,0.000129338,0.251170816,0.009284731,0
660,Lance Barber,Botswana,civilian,0,0.004906771,0.00261726,0.214300736,0.001858094,0.1
661,Carl Roberts,Martinique,civilian,0,0.001962709,9.50E-05,0.240557129,0.006087481,0
662,Kelly Simmons,Saint Lucia,civilian,0,0.003925417,0.000651042,0.23452244,0.005036332,0
663,James Powers,Guadeloupe,civilian,0,0.003925417,0.002329616,0.228066249,0.003508144,0
664,Noah Brown,Congo,civilian,0,0.002944063,0.00214483,0.283212896,0.039753725,0
665,Nathan Torres,Bouvet Island (Bouvetoya),civilian,0,0.001962709,0.000136884,0.225392612,0.005302977,0
666,Donald Brady,Germany,civilian,0,0.001962709,0.000247845,0.249816131,0.010320042,0
667,Adam Faulkner,Trinidad and Tobago,civilian,0,0.002944063,0.001042898,0.236043549,0.005272315,0
668,Amanda Martin MD,Senegal,civilian,0,0.002944063,0.000753377,0.242157795,0.006919128,0
669,Rebecca Morales,Sao Tome and Principe,civilian,0,0.001962709,4.98E-05,0.228117305,0.00334033,0
670,Christopher Smith,Isle of Man,civilian,0,0.001962709,0.000106565,0.235389235,0.004678935,0
671,Kimberly Baker,Cyprus,civilian,0,0.001962709,7.95E-05,0.232436131,0.005209947,0
672,Jennifer Roberts,Pitcairn Islands,civilian,0,0.001962709,0.000209791,0.243838239,0.007312516,0
673,Curtis Marshall,Malta,civilian,0,0.002944063,0.001501961,0.257193337,0.014843884,0
674,Joseph Harding,Netherlands Antilles,civilian,0,0.001962709,6.01E-05,0.230595157,0.005126066,0
675,Daniel Smith,Nicaragua,civilian,0,0.002944063,0.000442426,0.257713708,0.011519776,0
676,Lisa Hogan,Afghanistan,civilian,0,0.002944063,0.000509431,0.280871003,0.032749771,0
677,Elizabeth Moran,Morocco,civilian,0,0.001962709,0.000219528,0.227404597,0.004374521,0
678,Breanna Young,Guam,civilian,0,0.002944063,0.002010302,0.28551415,0.030614756,0
679,Natasha Camacho,Mauritania,civilian,0,0.003925417,0.000249388,0.227303145,0.004775985,0
680,Melissa Rowe,Estonia,civilian,0,0.001962709,3.10E-05,0.225442478,0.005443104,0
681,Sheri Freeman,Wallis and Futuna,civilian,0,0.002944063,0.001853553,0.283685969,0.037048581,0
682,Cynthia Grimes,New Zealand,civilian,0,0.001962709,0.001463973,0.281336278,0.038158521,0
683,Tyler Ross,Lebanon,civilian,0,0.001962709,0.000162763,0.206945573,0.000961425,0
684,Amanda Johnson,Dominica,civilian,0,0.001962709,0.000603966,0.282976951,0.038990076,0
685,Kimberly Young,Comoros,civilian,0,0.001962709,0.001689786,0.277278912,0.0252676,0
686,Christopher Vargas,Argentina,civilian,0,0.001962709,0.000205508,0.225742136,0.002674547,0
687,Shannon Hernandez,Seychelles,civilian,0,0.001962709,6.86E-05,0.226444444,0.004566281,0
688,Jennifer Adams,Mali,civilian,0,0.002944063,0.001622507,0.289242123,0.045221844,0.333333333
689,Ryan Mitchell,Wallis and Futuna,civilian,0,0.001962709,9.35E-05,0.230490839,0.004973768,0
690,Adam Peters,Palau,civilian,0,0.001962709,7.95E-05,0.206568011,0.001132261,0
691,Tony Oconnor,Ireland,civilian,0,0.001962709,2.36E-05,0.234252874,0.005873176,0
692,Johnathan Carter Jr.,Italy,civilian,0,0.001962709,9.83E-05,0.21593558,0.001797819,0
693,Isaiah Miller,Uganda,civilian,0,0.001962709,0.000147009,0.209412248,0.000959991,0
694,Isaac Brown,Northern Mariana Islands,civilian,0,0.002944063,0.00032682,0.247992212,0.01273087,0
695,Katherine Holden,Djibouti,civilian,0,0.001962709,7.30E-05,0.208171604,0.001732138,0
696,Ashley James,South Georgia and the South Sandwich Islands,civilian,0,0.004906771,0.001892985,0.213492562,0.001651665,0.1
697,Kristen Estrada,Guinea,civilian,0,0.001962709,0.000290334,0.278643697,0.029004429,0
698,Laura Camacho,Andorra,civilian,0,0.001962709,0.000185074,0.244540437,0.008866678,0
699,Jeffery Wallace,United States of America,civilian,0,0.001962709,0.000373563,0.227862254,0.004585206,0
700,Amy Henry,Cocos (Keeling) Islands,civilian,0,0.001962709,0.000226967,0.25179145,0.010342193,0
701,Thomas Collins,Saint Lucia,civilian,0,0.001962709,0.000306687,0.24250357,0.005403354,0
702,Seth Jones,Serbia,civilian,0,0.001962709,4.05E-05,0.212159067,0.001424714,0
703,Adrian Ayala,Suriname,civilian,0,0.002944063,0.000110317,0.248112978,0.012181319,0
704,Richard Bailey,Dominica,civilian,0,0.001962709,5.59E-05,0.210973085,0.001903762,0
705,Juan Miller,Dominica,civilian,0,0.001962709,0.000287042,0.253230616,0.011142716,0
706,Mrs. Tanya Porter,Tokelau,civilian,0,0.001962709,0.000369954,0.231013376,0.00548269,0
707,Juan Brown,Tanzania,civilian,0,0.001962709,0,0.248415407,0.009368389,1
708,Anthony Donovan,New Zealand,civilian,0,0.001962709,0.000260679,0.222683566,0.002070935,0
709,Philip Navarro,Andorra,civilian,0,0.001962709,0.000223474,0.221618095,0.002173331,0
710,William Ramirez,Serbia,civilian,0,0.001962709,1.95E-05,0.226343847,0.004168841,0
711,Zachary Hernandez,Togo,civilian,0,0.001962709,0.000257665,0.228526575,0.003982656,0
712,Patricia Sawyer,France,civilian,0,0.001962709,0.000519154,0.260280971,0.012429174,0
713,Mark Conway,Bouvet Island (Bouvetoya),civilian,0,0.001962709,2.95E-05,0.210103093,0.001574811,0
714,Mr. Jason Williams,Peru,civilian,0,0.002944063,0.001006276,0.234792627,0.005050752,0
715,Troy Mejia,Gabon,civilian,0,0.001962709,0.000246502,0.268511199,0.015950444,0
716,Kayla Dixon,Monaco,civilian,0,0.001962709,5.02E-05,0.247570457,0.009811718,0
717,Henry Griffith,Zambia,civilian,0,0.001962709,0.000215187,0.211630322,0.001826671,0
718,Judith Vargas,Bouvet Island (Bouvetoya),civilian,0,0.001962709,0.000998847,0.27622662,0.025246749,0
719,Amber Carrillo,Canada,civilian,0,0.001962709,0.000170504,0.22519337,0.003595149,0
720,Adam Heath,Kiribati,civilian,0,0.001962709,0.000259283,0.222586282,0.002924948,0
721,April Scott,Bhutan,civilian,0,0.003925417,0.000361179,0.246254229,0.007039094,0
722,Jeffrey Thompson,United Kingdom,civilian,0,0.002944063,0.000938329,0.242734636,0.005643753,0
723,Lisa Rose,Lithuania,civilian,0,0.001962709,0.000235185,0.201423206,0.000752171,0
724,Jennifer Smith,Cuba,civilian,0,0.001962709,0.00078148,0.260081674,0.010603421,0
725,Hannah Jensen,Saint Lucia,civilian,0,0.001962709,0.000120164,0.235661425,0.006532014,0
726,Rachel Ward,Qatar,civilian,0,0.002944063,0.000353134,0.221618095,0.002550792,0
727,Charles Garcia,Liberia,civilian,0,0.002944063,0.000926922,0.237917348,0.005868642,0
728,Amy Baker,Uzbekistan,civilian,0,0.002944063,0.001056401,0.247510323,0.008594335,0
729,Carolyn Sullivan,Mali,civilian,0,0.001962709,0.00157713,0.276076944,0.025338694,0
730,Sylvia Blake,Norway,civilian,0,0.001962709,0.000250042,0.286799887,0.039746421,0
731,Taylor Newman,Luxembourg,civilian,0,0.001962709,0.000814726,0.249205185,0.008740146,0
732,Yvette Grant,Korea,civilian,0,0.001962709,0.000129057,0.217502668,0.002386474,0
733,Miss Cheryl Obrien DVM,Guam,civilian,0,0.002944063,0.000612474,0.225342769,0.00250222,0
734,Michael Morse,Cayman Islands,civilian,0,0.001962709,0.000251386,0.220133938,0.001899912,0
735,Kevin Smith,Thailand,civilian,0,0.001962709,0.000313554,0.238362573,0.006513907,0
736,Benjamin Garcia,Cook Islands,civilian,0,0.001962709,0.000268399,0.20441324,0.000788469,0
737,Brandon Franklin,Benin,civilian,0,0.003925417,0.015256353,0.242561295,0.006313979,0
738,Jennifer Rogers,Seychelles,civilian,0,0.002944063,9.81E-05,0.210363336,0.00273165,0
739,Cody Gray,Libyan Arab Jamahiriya,civilian,0,0.001962709,7.97E-05,0.236591595,0.006275176,0
740,Michaela Wells,Greenland,civilian,0,0.003925417,0.006773856,0.224795941,0.001528353,0
741,Mr. William Perez,Ghana,civilian,0,0.001962709,0,0.240557129,0.007042174,1
742,Stephanie Nguyen,Ghana,civilian,0,0.001962709,0.000194485,0.222927149,0.002046328,0
743,Daniel Martin,Guadeloupe,civilian,0,0.001962709,0.000229813,0.222391969,0.002251843,0
744,Carol Johnston,Belgium,civilian,0,0.001962709,9.01E-05,0.212026633,0.001837427,0
745,Jerry Jackson,Somalia,civilian,0,0.001962709,0.001056,0.250923418,0.009588746,0
746,Mary Mcfarland,Norfolk Island,civilian,0,0.003925417,0.001600979,0.234900876,0.003947502,0
747,Jesus James,Cote d'Ivoire,civilian,0,0.001962709,0.00058002,0.240047114,0.007025414,0
748,Tracey Chan,Grenada,civilian,0,0.001962709,0.000164921,0.246671508,0.007314731,0
749,Jesse Collins,Croatia,civilian,0,0.001962709,0.000134135,0.244364508,0.00689208,0
750,Karen Sherman,Vanuatu,civilian,0,0.001962709,9.19E-05,0.220133938,0.002440492,0
751,Diana Brady,Tonga,civilian,0,0.001962709,0.000463619,0.266057441,0.015441529,0
752,Matthew Kent,United Kingdom,civilian,0,0.001962709,8.64E-05,0.230804077,0.004452418,0
753,Donald Cox,Slovenia,civilian,0,0.001962709,0.000118367,0.246910589,0.008989462,0
754,Mackenzie Jimenez,Tuvalu,civilian,0,0.001962709,0.00019536,0.231696226,0.003449263,0
755,Katrina Sims,Peru,civilian,0,0.001962709,0.000581935,0.247992212,0.008841078,0
756,Hannah Weaver,South Georgia and the South Sandwich Islands,civilian,0,0.001962709,0.000399735,0.26249356,0.017919917,0
757,Teresa Jackson,Saudi Arabia,civilian,0,0.001962709,0.000175427,0.261953728,0.018850393,0
758,Jerry Kelly,Cote d'Ivoire,civilian,0,0.003925417,0.001462353,0.244893055,0.006013866,0
759,Marco Adams,Burundi,civilian,0,0.001962709,0.000336127,0.22046733,0.00197613,0
760,Troy Keith,Zambia,civilian,0,0.001962709,8.85E-05,0.219564749,0.001986528,0
761,Albert Smith,French Guiana,civilian,0,0.002944063,0.00051673,0.240500354,0.005781086,0
762,Emily Conner,Grenada,civilian,0,0.001962709,5.46E-05,0.230334539,0.0048084,0
763,Sandra Simmons,Guinea-Bissau,civilian,0,0.001962709,0.00358737,0.249083354,0.008110763,0
764,Todd Ward,Lithuania,civilian,0,0.001962709,7.39E-05,0.241927825,0.007479697,0
765,Elizabeth Miller,Fiji,civilian,0,0.002944063,0.000869009,0.239708304,0.005771617,0
766,Katherine Silva,Tonga,civilian,0,0.002944063,0.003341861,0.271443793,0.016758374,0
767,Brooke Oneill,Namibia,civilian,0,0.001962709,0.000153056,0.230438716,0.003909958,0
768,Madison Davidson,Fiji,civilian,0,0.002944063,0.00055482,0.227862254,0.003424617,0
769,Lisa Lopez,Senegal,civilian,0,0.001962709,4.81E-05,0.205278002,0.001638639,0
770,Amber Mercer,Cayman Islands,civilian,0,0.001962709,0.000215064,0.232330141,0.005590367,0
771,Toni Gilbert,Guatemala,civilian,0,0.001962709,0.000131467,0.213850997,0.001796523,0
772,Ian Goodwin,Mexico,civilian,0,0.001962709,0.000170739,0.226898241,0.003402622,0
773,Jeanette Pham,Central African Republic,civilian,0,0.001962709,0.000167742,0.216027136,0.001739907,0
774,Bruce Martinez,Equatorial Guinea,civilian,0,0.003925417,0.001477292,0.244423123,0.008202902,0
775,Damon Sullivan,Algeria,civilian,0,0.001962709,0.000132034,0.239651929,0.006548291,0
776,Sarah Hicks,Tonga,civilian,0,0.001962709,6.16E-05,0.226343847,0.003210141,0
777,Tracy Wood,United Kingdom,civilian,0,0.001962709,0,0.185171725,0.000307695,1
778,Colin Martin,Italy,civilian,0,0.001962709,8.96E-05,0.251915946,0.014268818,0
779,Sharon Ewing,Qatar,civilian,0,0.001962709,0.000185582,0.230804077,0.004173822,0
780,Amanda Jones,Cook Islands,civilian,0,0.001962709,6.04E-05,0.215433404,0.002394284,0
781,Wyatt Williams,United States Minor Outlying Islands,civilian,0,0.001962709,1.55E-05,0.234037667,0.004296263,0
782,David Mayer,Finland,civilian,0,0.001962709,0.000334661,0.238028498,0.006377018,0
783,Joseph Sutton,Micronesia,civilian,0,0.001962709,0.000135017,0.244481766,0.01076074,0
784,Kiara Griffin,Eritrea,civilian,0,0.002944063,0.000368155,0.214526316,0.002411985,0
785,Jeffery Taylor,Albania,civilian,0,0.001962709,0.000297229,0.213313795,0.001664536,0
786,Toni Cunningham,Mexico,civilian,0,0.003925417,0.002435509,0.241927825,0.007301793,0
787,Monica Lee,Namibia,civilian,0,0.001962709,2.97E-05,0.201982161,0.001608419,0
788,Daniel Frazier,Saint Pierre and Miquelon,civilian,0,0.001962709,0.000729935,0.258432665,0.012360438,0
789,Gregory Kennedy,Nicaragua,civilian,0,0.002944063,0.000673284,0.221666304,0.001813264,0
790,Dan Valdez,Gibraltar,civilian,0,0.001962709,0.00024283,0.238977486,0.005298816,0
791,Devon Crawford,Cayman Islands,civilian,0,0.002944063,0.003400477,0.283449235,0.039044802,0
792,Anita Miller,Tunisia,civilian,0,0.001962709,8.15E-05,0.215433404,0.001736645,0
793,Angela Jones,Ecuador,civilian,0,0.001962709,7.93E-05,0.215707028,0.002243321,0
794,Amber Williams,Cayman Islands,civilian,0,0.001962709,7.87E-05,0.219375673,0.002317464,0
795,Melissa Owen,Finland,civilian,0,0.001962709,0.000104536,0.239201878,0.007455229,0
796,Shannon Humphrey,Poland,civilian,0,0.003925417,0.003992286,0.283844011,0.036850377,0
797,Walter Lopez,Netherlands Antilles,civilian,0,0.001962709,0.00041025,0.248475981,0.009525505,0
798,Michael Sexton,Georgia,civilian,0,0.002944063,0.000184302,0.219848975,0.002415402,0
799,Justin Wilson,Sudan,civilian,0,0.002944063,0.000110062,0.204004004,0.001604956,0
800,Jessica Figueroa,Cyprus,civilian,0,0.001962709,0.000100961,0.209843493,0.001233372,0
801,Elizabeth Welch,Norway,civilian,0,0.001962709,5.19E-05,0.209757102,0.001511322,0
802,Barbara Burns,Gabon,civilian,0,0.001962709,0.000188139,0.221281216,0.002520221,0
803,Mr. Todd Murillo,Philippines,civilian,0,0.001962709,0.000350608,0.241813004,0.00726738,0
804,Joel Williams,Sao Tome and Principe,civilian,0,0.002944063,0.002735993,0.276301518,0.026643506,0
805,Latoya Lawrence MD,South Africa,civilian,0,0.001962709,3.95E-05,0.232542218,0.0053708,0
806,Donna Hanson,Bulgaria,civilian,0,0.001962709,7.41E-05,0.223366944,0.0030348,0
807,Rita Burton,Senegal,civilian,0,0.001962709,8.05E-05,0.207662523,0.001224377,0
808,Susan Murphy,Aruba,civilian,0,0.001962709,0.000749167,0.283055556,0.03096197,0
809,Brooke Weaver,Bahrain,civilian,0,0.001962709,0,0.297257876,0.05040396,1
810,Michelle Fitzpatrick,Iceland,civilian,0,0.001962709,0.000170308,0.234037667,0.005820458,0
811,Desiree Wood,Isle of Man,civilian,0,0.001962709,0.000171366,0.21506965,0.001352073,0
812,Taylor Li,Puerto Rico,civilian,0,0.004906771,0.003683684,0.262088477,0.01177303,0
813,Ronnie George,Finland,civilian,0,0.001962709,6.28E-05,0.204741812,0.001331051,0
814,Terri Hunt,Togo,civilian,0,0.002944063,0.000410464,0.210233134,0.001493632,0
815,Cindy Davis,Solomon Islands,civilian,0,0.001962709,0.000392686,0.226394135,0.004124541,0
816,Carl Rogers,Micronesia,civilian,0,0.001962709,0.000531117,0.27925459,0.030268433,0
817,Brittany Jones,Eritrea,civilian,0,0.001962709,5.79E-05,0.25036855,0.01134297,0
818,Barbara Kerr,Lao People's Democratic Republic,civilian,0,0.001962709,0.000138514,0.241183432,0.005873841,0
819,Douglas Bonilla,Isle of Man,civilian,0,0.001962709,2.10E-05,0.23582504,0.005980983,0
820,Lisa Dillon,Estonia,civilian,0,0.001962709,0.000252884,0.223171266,0.003400126,0
821,Christopher Ford,Mauritius,civilian,0,0.001962709,0.000135671,0.206777597,0.001104007,0
822,Laura Bond,Holy See (Vatican City State),civilian,0,0.001962709,0.00040387,0.246254229,0.008418234,0
823,David Alvarez,Tanzania,civilian,0,0.001962709,0.000106689,0.232436131,0.005402045,0
824,Amy Haley,Ireland,civilian,0,0.001962709,0.000173883,0.21593558,0.001928954,0
825,Jared Bartlett,Kuwait,civilian,0,0.001962709,0.00061276,0.282193298,0.036569341,0
826,Robert Love,Russian Federation,civilian,0,0.001962709,6.20E-05,0.230490839,0.005112471,0
827,Dawn Martinez,Anguilla,civilian,0,0.001962709,5.21E-05,0.232118451,0.004965943,0
828,Anthony Williams,Egypt,civilian,0,0.001962709,0.000190384,0.249205185,0.008263751,0
829,Keith Garcia,Ethiopia,civilian,0,0.001962709,0.000126037,0.23302081,0.004966344,0
830,Glenda Suarez,Moldova,civilian,0,0.001962709,0.000169388,0.241183432,0.007234725,0
831,Steven Kidd,Switzerland,civilian,0,0.001962709,0.000998678,0.281959048,0.036298623,0
832,Derek Santana,Iran,civilian,0,0.001962709,0.000703614,0.235226223,0.003898003,0
833,Shelby Thompson,Saudi Arabia,civilian,0,0.001962709,0.000151769,0.209929955,0.001640353,0
834,Larry Hines,Burkina Faso,civilian,0,0.002944063,0.000791173,0.228321757,0.004395389,0
835,John Fowler,Cyprus,civilian,0,0.001962709,0.000157195,0.227049911,0.003035887,0
836,Jennifer Dodson,Switzerland,civilian,0,0.001962709,0.000107664,0.202302958,0.000799632,0
837,Yolanda Martinez,Palau,civilian,0,0.001962709,8.32E-05,0.240500354,0.005910788,0
838,Mark Mccann,Costa Rica,civilian,0,0.001962709,0.000123494,0.229866907,0.005084228,0
839,Michaela Patel,Brazil,civilian,0,0.001962709,0.000108806,0.241126361,0.009901543,0
840,Lisa Santos,Bermuda,civilian,0,0.001962709,0.000214957,0.205983424,0.001097681,0
841,Debra Alvarez,French Southern Territories,civilian,0,0.001962709,3.74E-05,0.23797291,0.006253746,0
842,Patricia Rivers,Bouvet Island (Bouvetoya),civilian,0,0.001962709,0.000975971,0.221233174,0.002571715,0
843,Kimberly Flores,United Kingdom,civilian,0,0.001962709,7.13E-05,0.211279287,0.001839994,0
844,Erica Barry,Zambia,civilian,0,0.001962709,0.000453144,0.235770477,0.005112308,0
845,Kylie Lawrence,Estonia,civilian,0,0.001962709,5.92E-05,0.211718263,0.002139361,0
846,David Fields,Samoa,civilian,0,0.001962709,6.42E-05,0.234145221,0.004345145,0
847,Nancy Thomas,Somalia,civilian,0,0.001962709,0.000293271,0.266266005,0.015622459,0
848,Laura Williams,Afghanistan,civilian,0,0.001962709,0.000218961,0.23069957,0.003470796,0
849,Alec Davis,Romania,civilian,0,0.001962709,0.000401826,0.22965968,0.003723418,0
850,Jeremy Young,Canada,civilian,0,0.002944063,0.001325937,0.237418453,0.005813817,0
851,Tracy Jimenez,Macao,civilian,0,0.002944063,0.00114122,0.210798511,0.000855059,0
852,Victor Richards,Bolivia,civilian,0,0.002944063,0.000533341,0.246671508,0.00829989,0
853,Jacob Bridges,Netherlands,civilian,0,0.001962709,0.000141598,0.216256367,0.002039895,0
854,Edward Kelly,Cambodia,civilian,0,0.001962709,0.00148042,0.282741398,0.038265279,0
855,Thomas Robinson,Nauru,civilian,0,0.001962709,2.83E-05,0.200748621,0.001108899,0
856,Brian Dixon,Somalia,civilian,0,0.001962709,0.000120049,0.215798391,0.001782438,0
857,Danielle Edwards,Czech Republic,civilian,0,0.001962709,0.000126792,0.244657863,0.006865398,0
858,Vanessa Taylor,Montserrat,civilian,0,0.002944063,0.000552362,0.237639925,0.005197779,0
859,Amy Gray,Liberia,civilian,0,0.001962709,0.000386485,0.245838359,0.00690949,0
860,Christopher Vasquez,Slovenia,civilian,0,0.001962709,0,0.224054529,0.00349933,1
861,Benjamin Hall,Bulgaria,civilian,0,0.001962709,0.000237586,0.247150133,0.006748566,0
862,Samuel Hardy,Singapore,civilian,0,0.001962709,0.000248979,0.244247363,0.006075747,0
863,Adam Williams,Armenia,civilian,0,0.001962709,0.000290791,0.249754902,0.00795672,0
864,Jennifer Francis,Rwanda,civilian,0,0.001962709,0.000179736,0.191397446,0.000395511,0
865,Heather Perez,Reunion,civilian,0,0.001962709,0.000213695,0.252040564,0.010950153,0
866,Shawn Hernandez,Spain,civilian,0,0.002944063,0.000471671,0.24027352,0.007226613,0
867,Jasmine Barron,Gabon,civilian,0,0.001962709,0.000140259,0.219045572,0.002417409,0
868,Lance Thompson,Algeria,civilian,0,0.001962709,0.000202172,0.214616681,0.001806177,0
869,Marissa Pearson,Benin,civilian,0,0.001962709,0.000136588,0.233180778,0.003509175,0
870,Kayla Cortez,Bosnia and Herzegovina,civilian,0,0.001962709,8.55E-05,0.210754912,0.001496197,0
871,April Chen,Montserrat,civilian,0,0.001962709,2.52E-05,0.226696329,0.004129735,0
872,Rachel Garcia,Central African Republic,civilian,0,0.001962709,0.000214126,0.219612069,0.001986095,0
873,Anthony White,Armenia,civilian,0,0.002944063,0.001046439,0.242042755,0.009735201,0
874,Melanie Campbell,Netherlands,civilian,0,0.001962709,0.000410675,0.21895144,0.001803295,0
875,Matthew George,Kazakhstan,civilian,0,0.001962709,9.78E-05,0.20242352,0.001417942,0
876,Jonathan Owens,Chad,civilian,0,0.001962709,0.000107964,0.226193119,0.003965176,0
877,Monique Wright,Uruguay,civilian,0,0.001962709,0.000307943,0.244951923,0.007801736,0
878,Brenda Coleman,Gabon,civilian,0,0.001962709,2.60E-05,0.22929793,0.004300245,0
879,Steven Butler,Austria,civilian,0,0.001962709,0.000382084,0.214888233,0.001705988,0
880,Terri Wright,Niue,civilian,0,0.001962709,0.000163676,0.206987609,0.000844373,0
881,Stacey Roberts MD,Libyan Arab Jamahiriya,civilian,0,0.001962709,0.000163748,0.202705391,0.0007285,0
882,Tracy White,Cocos (Keeling) Islands,civilian,0,0.001962709,5.22E-05,0.210363336,0.002723325,0
883,Maria Brown,Puerto Rico,civilian,0,0.001962709,0.000406806,0.241354808,0.005390575,0
884,Thomas Gray,Tonga,civilian,0,0.001962709,0.000199959,0.239708304,0.006505439,0
885,Brittany Smith,Benin,civilian,0,0.001962709,6.26E-05,0.230490839,0.004538392,0
886,Diana Hoffman,Netherlands,civilian,0,0.001962709,0.000219849,0.229970661,0.003656892,0
887,Paul Cardenas,Lebanon,civilian,0,0.001962709,0.000207625,0.219659409,0.002302967,0
888,Tyler Carlson,Panama,civilian,0,0.001962709,0.000240834,0.227862254,0.003431539,0
889,Carla Rowland,Maldives,civilian,0,0.001962709,0.000204949,0.228577838,0.003380575,0
890,William Sims,Thailand,civilian,0,0.001962709,6.20E-05,0.229246344,0.004494654,0
891,Tina Barker,Armenia,civilian,0,0.001962709,0.000328448,0.236481782,0.006173794,0
892,Scott Sampson,Libyan Arab Jamahiriya,civilian,0,0.001962709,0.00018895,0.189123979,0.000290298,0
893,Stacy Graham,Gambia,civilian,0,0.001962709,7.39E-05,0.231643555,0.003933942,0
894,James Drake,Belize,civilian,0,0.001962709,0.000101355,0.205402137,0.001323833,0
895,James Cole,Equatorial Guinea,civilian,0,0.002944063,0.001373299,0.282349681,0.036911759,0
896,Wayne Allen,Kazakhstan,civilian,0,0.001962709,7.58E-05,0.207959184,0.001036886,0
897,Terrence Johnston,Cocos (Keeling) Islands,civilian,0,0.001962709,0.000400085,0.281336278,0.038805897,0
898,Charles Hernandez,Armenia,civilian,0,0.001962709,0.000262946,0.228680431,0.003821376,0
899,Shannon Robertson,Bulgaria,civilian,0,0.001962709,4.32E-05,0.228937317,0.00491848,0
900,Julie Murphy,Argentina,civilian,0,0.001962709,6.37E-05,0.206233556,0.001171651,0
901,Susan Sweeney MD,New Caledonia,civilian,0,0.001962709,0.000108151,0.232383124,0.004952336,0
902,Jordan Cook,Estonia,civilian,0,0.001962709,0.000474271,0.268440464,0.016095626,0
903,Patricia Giles,Djibouti,civilian,0,0.001962709,0.00013641,0.212380158,0.001483944,0
904,Jason Jones,Latvia,civilian,0,0.001962709,0.000118578,0.199843106,0.000764071,0
905,Mr. Christopher Hawkins,French Southern Territories,civilian,0,0.001962709,9.00E-05,0.210798511,0.001799658,0
906,Richard Daniels,Turks and Caicos Islands,civilian,0,0.002944063,0.000353405,0.242215355,0.005975114,0
907,Melody Sims,Serbia,civilian,0,0.002944063,0.001698898,0.245660559,0.011304478,0
908,Ashley Miller,Estonia,civilian,0,0.001962709,0.000972432,0.281803097,0.036213027,0
909,Laurie Parks,Guam,civilian,0,0.001962709,0.000638284,0.228577838,0.002417923,0
910,Gregory Anderson,Kenya,civilian,0,0.001962709,0.000157442,0.205650858,0.001079956,0
911,Lance Todd,Bosnia and Herzegovina,civilian,0,0.001962709,0.000104305,0.23323415,0.003987215,0
912,Craig Wright,Holy See (Vatican City State),civilian,0,0.001962709,0.000945007,0.281959048,0.03826188,0
913,Daniel Harrington,Saint Barthelemy,civilian,0,0.001962709,5.99E-05,0.22287839,0.003328686,0
914,Lindsay Swanson,Indonesia,civilian,0,0.001962709,4.04E-05,0.202988048,0.001730225,0
915,Joanna Lee,Cocos (Keeling) Islands,civilian,0,0.001962709,0.000191908,0.225292947,0.002952798,0
916,Darlene Mendoza,Libyan Arab Jamahiriya,civilian,0,0.001962709,0.000259906,0.233769213,0.004698501,0
917,Michael Flores,Uganda,civilian,0,0.001962709,0.000135771,0.190859712,0.000403336,0
918,Jennifer Cantu,Libyan Arab Jamahiriya,civilian,0,0.001962709,0.00109377,0.259287532,0.010886626,0
919,Terri Marshall,Faroe Islands,civilian,0,0.001962709,0.00016612,0.236921646,0.004752754,0
920,Mr. Bryan Mack DDS,Sierra Leone,civilian,0,0.001962709,0.000250428,0.226042591,0.003746539,0
921,Brian Murray,Gabon,civilian,0,0.001962709,7.71E-05,0.215251373,0.001901281,0
922,Brian Brewer,Oman,civilian,0,0.001962709,0.00042272,0.205154017,0.001066871,0
923,Stephen King,Indonesia,civilian,0,0.001962709,0.000104142,0.217363481,0.002286461,0
924,Joseph Medina,Lithuania,civilian,0,0.001962709,7.15E-05,0.24250357,0.007395385,0
925,Sandra Lara,Azerbaijan,civilian,0,0.001962709,0.000361644,0.236921646,0.006589094,0
926,Dawn Reese,Christmas Island,civilian,0,0.001962709,0.000136361,0.218154571,0.001854134,0
927,Sherri Pitts DDS,Bolivia,civilian,0,0.002944063,0.000444754,0.207747197,0.001325133,0
928,Michael Torres,Finland,civilian,0,0.002944063,0.001045816,0.221329279,0.002679051,0
929,Alyssa Douglas,Angola,civilian,0,0.002944063,0.00018875,0.239033544,0.007809316,0
930,Elizabeth Gaines,Falkland Islands (Malvinas),civilian,0,0.001962709,7.12E-05,0.210233134,0.001962798,0
931,Diana Graham,Sudan,civilian,0,0.001962709,2.77E-05,0.243663319,0.010581754,0
932,Linda Ware,Trinidad and Tobago,civilian,0,0.001962709,6.09E-05,0.242330559,0.011740813,0
933,Matthew Cannon,Belgium,civilian,0,0.001962709,0.000339675,0.223464912,0.002704156,0
934,Monica Wallace,South Africa,civilian,0,0.001962709,2.09E-05,0.222149553,0.003122368,0
935,Brenda Johnson,Iceland,civilian,0,0.001962709,0.000444116,0.21326915,0.001597881,0
936,Erica Lewis,Liberia,civilian,0,0.001962709,0.001380646,0.283370412,0.036893802,0
937,Katherine Wright,Congo,civilian,0,0.001962709,0.000210537,0.206987609,0.000934533,0
938,Ashley King,Pitcairn Islands,civilian,0,0.001962709,0.000246387,0.226042591,0.003681937,0
939,Lisa Burns,Niger,civilian,0,0.001962709,0.00017487,0.208086584,0.001440977,0
940,Brenda Hammond,Saint Kitts and Nevis,civilian,0,0.001962709,9.92E-05,0.213895886,0.001639961,0
941,Carol Owens,Rwanda,civilian,0,0.001962709,0.000261668,0.218622613,0.002327061,0
942,Julie Douglas,Austria,civilian,0,0.001962709,0.001512003,0.282427938,0.038179574,0
943,Miranda Brady,Bhutan,civilian,0,0.001962709,1.21E-05,0.231538287,0.008156659,0
944,Gregory Weber,Barbados,civilian,0,0.001962709,0.000244863,0.243314231,0.006006072,0
945,Matthew Johnson,Botswana,civilian,0,0.001962709,0.000322432,0.235226223,0.004855671,0
946,Greg Hill,Belize,civilian,0,0.001962709,0.000916611,0.281881051,0.038745854,0
947,James Martin,Iceland,civilian,0,0.001962709,0.000611554,0.287528217,0.041904972,0
948,Karen Whitehead,Cocos (Keeling) Islands,civilian,0,0.001962709,0.001178827,0.283764968,0.036248318,0
949,Kathryn Davis,North Macedonia,civilian,0,0.001962709,5.38E-05,0.205941795,0.001568006,0
950,Joshua Salas,Syrian Arab Republic,civilian,0,0.001962709,0.000453273,0.227913219,0.003240255,0
951,Edward Morris,Montenegro,civilian,0,0.001962709,8.46E-05,0.25235265,0.013026405,0
952,Tammy Baker,Cuba,civilian,0,0.001962709,0.000190972,0.248718575,0.012892678,0
953,Jessica Zamora,Iran,civilian,0,0.001962709,0.000166588,0.229815065,0.004456198,0
954,Linda Daniel,Cayman Islands,civilian,0,0.002944063,0.000197511,0.226494777,0.003019764,0
955,Eric Kelly,France,civilian,0,0.001962709,7.51E-05,0.229918773,0.004126357,0
956,Brian Torres,Canada,civilian,0,0.001962709,0.000131945,0.234037667,0.004577424,0
957,William Roberts,United Kingdom,civilian,0,0.001962709,2.04E-05,0.227455357,0.003697247,0
958,Benjamin Hoover,Mexico,civilian,0,0.001962709,9.50E-05,0.201502867,0.001160491,0
959,Robert Le,Syrian Arab Republic,civilian,0,0.001962709,0.000974163,0.265779864,0.015089151,0
960,Nicole Giles,Serbia,civilian,0,0.001962709,0.000132779,0.217502668,0.001841876,0
961,Thomas Moore,Slovenia,civilian,0,0.001962709,0.00012264,0.206317068,0.00128245,0
962,Richard Frye,Vietnam,civilian,0,0.001962709,1.46E-05,0.235934244,0.008664968,0
963,Pamela Baxter,Kazakhstan,civilian,0,0.001962709,0.00019069,0.232330141,0.004586667,0
964,Vanessa Rogers,Venezuela,civilian,0,0.002944063,0.001042494,0.225792156,0.002954325,0
965,Angela Sandoval,Palau,civilian,0,0.001962709,3.02E-05,0.251729249,0.012502991,0
966,Raymond Gilbert,Netherlands,civilian,0,0.001962709,6.67E-05,0.228270609,0.004183433,0
967,William Collins,Sri Lanka,civilian,0,0.001962709,0.00040468,0.231696226,0.002945266,0
968,Sherri Diaz,Bosnia and Herzegovina,civilian,0,0.001962709,0.000110002,0.211410788,0.001690309,0
969,Earl Nguyen,Heard Island and McDonald Islands,civilian,0,0.001962709,0.000251117,0.238362573,0.004183062,0
970,Ronald Torres,Iran,civilian,0,0.001962709,0.000369268,0.255965838,0.009954769,0
971,Tammy Decker,Korea,civilian,0,0.001962709,0.000146121,0.217039404,0.002073957,0
972,Jodi Harper,Comoros,civilian,0,0.001962709,0.000158456,0.187626588,0.00026926,0
973,Melissa Norman,Lebanon,civilian,0,0.001962709,0.000109169,0.207113821,0.001450544,0
974,Troy Brown,Heard Island and McDonald Islands,civilian,0,0.001962709,0.000277655,0.21547896,0.001883522,0
975,Connor Wallace,Guatemala,civilian,0,0.001962709,0.000439522,0.26108122,0.012523855,0
976,Cynthia Davenport,Macao,civilian,0,0.001962709,0.000107916,0.217456253,0.00209478,0
977,Mackenzie Mckinney,Mexico,civilian,0,0.001962709,0.00081192,0.282037088,0.036264113,0
978,Jesus Young,Equatorial Guinea,civilian,0,0.001962709,0.000376716,0.283685969,0.038550774,0
979,Mary Thomas,United Kingdom,civilian,0,0.001962709,0.000185427,0.211060481,0.00117243,0
980,Brandon Sanchez,Finland,civilian,0,0.001962709,9.80E-05,0.244247363,0.007224149,0
981,Rachel Miller,Guadeloupe,civilian,0,0.001962709,4.22E-05,0.190681138,0.000578916,0
982,Charles Miller,Fiji,civilian,0,0.001962709,0.000126108,0.21534235,0.001393215,0
983,Pamela Jones,Cayman Islands,civilian,0,0.001962709,0.000394051,0.248415407,0.010463309,0
984,Kimberly Harmon,Luxembourg,civilian,0,0.001962709,2.37E-05,0.237197393,0.005314638,0
985,Luis Hunter,Northern Mariana Islands,civilian,0,0.001962709,0.000420609,0.279791323,0.027155471,0
986,Melissa Spencer,San Marino,civilian,0,0.001962709,0.000339262,0.237695358,0.005441646,0
987,Nancy Young,Chile,civilian,0,0.001962709,0.000424292,0.268581972,0.015225565,0
988,Daniel Cooper,Guinea-Bissau,civilian,0,0.001962709,3.11E-05,0.222294939,0.002393284,0
989,Tammy Hopkins,Namibia,civilian,0,0.001962709,0.000101392,0.203596404,0.001070786,0
990,Dana Sanders,Myanmar,civilian,0,0.001962709,0,0.283607014,0.042900894,1
991,Tommy Wright,Estonia,civilian,0,0.001962709,0.000134046,0.22499448,0.002539729,0
992,Sheryl Lee,Sri Lanka,civilian,0,0.001962709,5.46E-05,0.194762997,0.000486003,0
993,Julie Schultz,Portugal,civilian,0,0.001962709,0.0001557,0.229040234,0.004053618,0
994,Jessica Owens,Uruguay,civilian,0,0.001962709,0.00016358,0.252040564,0.008938235,0
995,Miss Alicia Harris,Djibouti,civilian,0,0.001962709,0.000238895,0.18622076,0.00028869,0
996,Carolyn Reese,Chile,civilian,0,0.001962709,0.000385258,0.227607773,0.003050753,0
997,Stacy Schmidt,Netherlands,civilian,0,0.001962709,0.000101847,0.248354862,0.01115677,0
998,Kenneth Gilbert,Libyan Arab Jamahiriya,civilian,0,0.001962709,0,0.241985277,0.008752794,1
999,Christopher Villarreal,Isle of Man,civilian,0,0.001962709,0.000154043,0.227151137,0.004336636,0
1000,Dawn Walker,Country C,covert_operative,1,0.021589794,0.037423078,0.218154571,0.001506704,0.021645022
1001,Kathleen Sanchez,Country A,covert_operative,1,0.001962709,0,0.179149086,0.000145927,1
1002,Melissa Green,Country B,covert_operative,1,0.002944063,9.64E-07,0.179180587,0.00015769,0.666666667
1003,Courtney Wright,Country C,covert_operative,1,0.001962709,0,0.179149086,0.000145927,1
1004,Joshua Cooper,Country A,covert_operative,1,0.000981354,0,0.179117595,0.000132101,0
1005,Evan Roman,Country A,covert_operative,1,0.000981354,0,0.179117595,0.000132101,0
1006,Rebecca Stein,Country B,covert_operative,1,0.000981354,0,0.179117595,0.000132101,0
1007,Joshua Chapman,Country A,covert_operative,1,0.000981354,0,0.179117595,0.000132101,0
1008,Christopher Martin,Country B,covert_operative,1,0.001962709,0,0.179149086,0.000145927,1
1009,Michael Bradley,Country B,covert_operative,1,0.002944063,9.64E-07,0.179180587,0.00015769,0.666666667
1010,Scott Robbins,Country B,covert_operative,1,0.001962709,0,0.179149086,0.000145927,1
1011,Patricia Nguyen,Country C,covert_operative,1,0.000981354,0,0.179117595,0.000132101,0
1012,Ronald Rivera,Country B,covert_operative,1,0.000981354,0,0.179117595,0.000132101,0
1013,Maurice Li,Country B,covert_operative,1,0.000981354,0,0.179117595,0.000132101,0
1014,David James,Country B,covert_operative,1,0.000981354,0,0.179117595,0.000132101,0
1015,Heather Decker,Country C,covert_operative,1,0.001962709,0,0.179149086,0.000144796,1
1016,Joshua Martin,Country C,covert_operative,1,0.001962709,0,0.179149086,0.000144796,1
1017,Deborah Smith,Country C,covert_operative,1,0.000981354,0,0.179117595,0.000132101,0
1018,Ms. Joan Rubio DVM,Country C,covert_operative,1,0.000981354,0,0.179117595,0.000132101,0
1019,Andrew Hale,Country A,covert_operative,1,0.000981354,0,0.179117595,0.000132101,0
